rule,time,reconstruct,kernel,depth,trusted,step_id
equiv_pos2,133639906,128328255,5311651,0,0,t0
poly_simp,39235071,29267311,9967760,0,0,t1
refl,305283,266222,39061,0,0,t2
refl,156822,129768,27054,0,0,t3
poly_simp,39809664,29112071,10697593,0,0,t4
refl,355915,314785,41130,0,0,t5
refl,182173,148256,33917,0,0,t6
poly_simp,41499087,30420452,11078635,0,0,t7
refl,333748,292923,40825,0,0,t8
refl,188330,151797,36533,0,0,t9
poly_simp,42245593,31204114,11041479,0,0,t10
refl,398865,356400,42465,0,0,t11
refl,196562,161503,35059,0,0,t12
poly_simp,43053893,31662853,11391040,0,0,t13
refl,552001,505475,46526,0,0,t14
refl,222202,186748,35454,0,0,t15
poly_simp,47159803,31736105,15423698,0,0,t16
refl,694673,600896,93777,0,0,t17
refl,395697,319872,75825,0,0,t18
poly_simp,42401917,30302540,12099377,0,0,t19
refl,590730,548524,42206,0,0,t20
refl,194398,157835,36563,0,0,t21
poly_simp,42881857,31746866,11134991,0,0,t22
refl,432338,393705,38633,0,0,t23
refl,235485,199199,36286,0,0,t24
poly_simp,41506057,30294629,11211428,0,0,t25
refl,302458,262287,40171,0,0,t26
refl,190132,150748,39384,0,0,t27
poly_simp,41314880,30595162,10719718,0,0,t28
refl,358247,314898,43349,0,0,t29
refl,181717,147598,34119,0,0,t30
poly_simp,42572704,31148125,11424579,0,0,t31
refl,384364,340083,44281,0,0,t32
refl,202209,168313,33896,0,0,t33
poly_simp,41705911,30819743,10886168,0,0,t34
refl,317032,267717,49315,0,0,t35
refl,171929,141332,30597,0,0,t36
poly_simp,42480605,31042460,11438145,0,0,t37
refl,369510,326126,43384,0,0,t38
refl,188575,153217,35358,0,0,t39
poly_simp,40763949,29984954,10778995,0,0,t40
refl,320233,276891,43342,0,0,t41
refl,194419,154712,39707,0,0,t42
poly_simp,42607530,31330154,11277376,0,0,t43
refl,592770,548421,44349,0,0,t44
refl,201250,165291,35959,0,0,t45
poly_simp,41254069,30159386,11094683,0,0,t46
refl,471157,428465,42692,0,0,t47
refl,242613,207538,35075,0,0,t48
poly_simp,41262262,30238388,11023874,0,0,t49
refl,317363,275349,42014,0,0,t50
refl,241546,205373,36173,0,0,t51
poly_simp,44181190,32261130,11920060,0,0,t52
refl,479402,433005,46397,0,0,t53
refl,193210,157881,35329,0,0,t54
poly_simp,41111629,30374143,10737486,0,0,t55
refl,321689,272065,49624,0,0,t56
refl,186724,155175,31549,0,0,t57
poly_simp,42166281,30864964,11301317,0,0,t58
refl,417765,373187,44578,0,0,t59
refl,203036,166952,36084,0,0,t60
poly_simp,42548909,31370830,11178079,0,0,t61
refl,436280,396867,39413,0,0,t62
refl,216262,179728,36534,0,0,t63
poly_simp,39826211,30172143,9654068,0,0,t64
refl,281241,244393,36848,0,0,t65
refl,179840,148532,31308,0,0,t66
poly_simp,38217224,27967751,10249473,0,0,t67
refl,308172,268195,39977,0,0,t68
refl,175397,145164,30233,0,0,t69
poly_simp,37696692,27622161,10074531,0,0,t70
refl,294361,252787,41574,0,0,t71
refl,181264,150341,30923,0,0,t72
poly_simp,38326734,28121257,10205477,0,0,t73
refl,314453,276227,38226,0,0,t74
refl,191808,158925,32883,0,0,t75
poly_simp,39733487,29377032,10356455,0,0,t76
refl,365514,325529,39985,0,0,t77
refl,175518,144018,31500,0,0,t78
poly_simp,39169431,28845047,10324384,0,0,t79
refl,357606,316092,41514,0,0,t80
refl,197961,164169,33792,0,0,t81
poly_simp,38654161,28583743,10070418,0,0,t82
refl,361357,321008,40349,0,0,t83
refl,181328,151600,29728,0,0,t84
poly_simp,40121945,29870434,10251511,0,0,t85
refl,382749,340711,42038,0,0,t86
refl,191191,160014,31177,0,0,t87
poly_simp,40580191,29807557,10772634,0,0,t88
refl,459123,417686,41437,0,0,t89
refl,193062,157199,35863,0,0,t90
poly_simp,42670784,30934548,11736236,0,0,t91
refl,425698,382306,43392,0,0,t92
refl,214501,180923,33578,0,0,t93
poly_simp,41072055,30227571,10844484,0,0,t94
refl,349930,307062,42868,0,0,t95
refl,296645,262627,34018,0,0,t96
poly_simp,42606680,31231367,11375313,0,0,t97
refl,353480,311849,41631,0,0,t98
refl,211059,175438,35621,0,0,t99
poly_simp,42354498,31406146,10948352,0,0,t100
refl,464316,420566,43750,0,0,t101
refl,604962,568633,36329,0,0,t102
poly_simp,40382681,29234721,11147960,0,0,t103
refl,382263,342283,39980,0,0,t104
refl,202349,165061,37288,0,0,t105
poly_simp,40976601,30070079,10906522,0,0,t106
refl,333812,288823,44989,0,0,t107
refl,205868,170307,35561,0,0,t108
poly_simp,42108140,30786656,11321484,0,0,t109
refl,363182,322753,40429,0,0,t110
refl,188181,154093,34088,0,0,t111
poly_simp,41021122,30152700,10868422,0,0,t112
refl,340440,294072,46368,0,0,t113
refl,210537,174059,36478,0,0,t114
poly_simp,42419848,30598362,11821486,0,0,t115
refl,389671,344884,44787,0,0,t116
refl,244270,202761,41509,0,0,t117
poly_simp,40266303,29602125,10664178,0,0,t118
refl,304672,263664,41008,0,0,t119
refl,211271,176158,35113,0,0,t120
poly_simp,41729307,30179549,11549758,0,0,t121
refl,370153,328548,41605,0,0,t122
refl,196184,160069,36115,0,0,t123
poly_simp,42058911,31005767,11053144,0,0,t124
refl,437871,387174,50697,0,0,t125
refl,221432,189408,32024,0,0,t126
poly_simp,42543895,31296920,11246975,0,0,t127
refl,341823,300206,41617,0,0,t128
refl,208306,174661,33645,0,0,t129
poly_simp,41719145,30615510,11103635,0,0,t130
refl,362033,321071,40962,0,0,t131
refl,216980,181108,35872,0,0,t132
poly_simp,42068213,30878022,11190191,0,0,t133
refl,355347,309424,45923,0,0,t134
refl,221368,179838,41530,0,0,t135
poly_simp,40797667,29870084,10927583,0,0,t136
refl,511184,461167,50017,0,0,t137
refl,183213,152277,30936,0,0,t138
poly_simp,41477717,30077756,11399961,0,0,t139
refl,339235,297366,41869,0,0,t140
refl,187520,153335,34185,0,0,t141
poly_simp,42103284,31188277,10915007,0,0,t142
refl,346503,301999,44504,0,0,t143
refl,197846,164400,33446,0,0,t144
poly_simp,41495480,29929940,11565540,0,0,t145
refl,360799,320221,40578,0,0,t146
refl,198244,159878,38366,0,0,t147
poly_simp,42549272,31534339,11014933,0,0,t148
refl,543266,493589,49677,0,0,t149
refl,212918,179814,33104,0,0,t150
poly_simp,41978239,30857186,11121053,0,0,t151
refl,321574,277320,44254,0,0,t152
refl,186237,151744,34493,0,0,t153
poly_simp,42829420,31577080,11252340,0,0,t154
refl,454625,406273,48352,0,0,t155
refl,206599,174080,32519,0,0,t156
refl,201389,170422,30967,0,0,t157
refl,169042,140470,28572,0,0,t158
refl,163128,133944,29184,0,0,t159
refl,156916,130415,26501,0,0,t160
refl,159105,129393,29712,0,0,t161
refl,155037,126583,28454,0,0,t162
refl,153327,125052,28275,0,0,t163
refl,153843,126016,27827,0,0,t164
refl,146743,121432,25311,0,0,t165
refl,146241,121271,24970,0,0,t166
refl,152057,126164,25893,0,0,t167
refl,155391,126578,28813,0,0,t168
refl,153419,127214,26205,0,0,t169
refl,144783,118595,26188,0,0,t170
refl,147599,122474,25125,0,0,t171
refl,164589,139501,25088,0,0,t172
refl,149375,123836,25539,0,0,t173
refl,156579,128374,28205,0,0,t174
refl,158565,131263,27302,0,0,t175
refl,154605,128808,25797,0,0,t176
refl,154596,129915,24681,0,0,t177
refl,143784,118217,25567,0,0,t178
refl,146651,122864,23787,0,0,t179
refl,144266,120208,24058,0,0,t180
refl,140861,116984,23877,0,0,t181
refl,143300,118462,24838,0,0,t182
refl,134079,111569,22510,0,0,t183
refl,146863,119506,27357,0,0,t184
refl,161754,134497,27257,0,0,t185
refl,147648,120001,27647,0,0,t186
poly_simp,42219822,30952315,11267507,0,0,t187
poly_simp,116925282,85828710,31096572,0,0,t188
refl,714129,661109,53020,0,0,t189
refl,226057,187512,38545,0,0,t190
refl,181015,148871,32144,0,0,t191
refl,365583,332101,33482,0,0,t192
refl,160365,133655,26710,0,0,t193
refl,158718,132170,26548,0,0,t194
refl,156194,127673,28521,0,0,t195
refl,151456,126405,25051,0,0,t196
refl,143138,118785,24353,0,0,t197
refl,146926,122444,24482,0,0,t198
refl,152151,123906,28245,0,0,t199
refl,153173,127739,25434,0,0,t200
refl,156440,126900,29540,0,0,t201
refl,152692,124350,28342,0,0,t202
refl,149601,121277,28324,0,0,t203
refl,148459,123898,24561,0,0,t204
refl,150116,121969,28147,0,0,t205
refl,150319,125625,24694,0,0,t206
refl,142791,119105,23686,0,0,t207
refl,138598,115029,23569,0,0,t208
refl,154268,126413,27855,0,0,t209
refl,144936,121316,23620,0,0,t210
refl,142737,118452,24285,0,0,t211
refl,154427,130365,24062,0,0,t212
refl,153848,126803,27045,0,0,t213
refl,146862,120920,25942,0,0,t214
refl,139251,115644,23607,0,0,t215
refl,150773,124744,26029,0,0,t216
refl,151404,124766,26638,0,0,t217
refl,146382,122488,23894,0,0,t218
refl,148114,123882,24232,0,0,t219
refl,144765,121219,23546,0,0,t220
refl,154182,127586,26596,0,0,t221
refl,146198,123481,22717,0,0,t222
refl,141569,117758,23811,0,0,t223
refl,144937,120540,24397,0,0,t224
refl,146197,121783,24414,0,0,t225
refl,137199,113994,23205,0,0,t226
refl,143043,117062,25981,0,0,t227
cong,35435660,16663571,18772089,0,0,t228
poly_simp,1488308982,1086411517,401897465,0,0,t229
trans,11375882,2039098,9336784,0,0,t230
evaluate,2843652,2611201,232451,0,0,t231
evaluate,1838562,1497123,341439,0,0,t232
evaluate,1585740,1368828,216912,0,0,t233
evaluate,2181253,1940237,241016,0,0,t234
evaluate,1671907,1364225,307682,0,0,t235
evaluate,1579930,1357326,222604,0,0,t236
evaluate,2158773,1938084,220689,0,0,t237
evaluate,1837235,1546189,291046,0,0,t238
evaluate,1539977,1351265,188712,0,0,t239
evaluate,2085956,1759649,326307,0,0,t240
evaluate,1821486,1505114,316372,0,0,t241
evaluate,1688284,1426989,261295,0,0,t242
evaluate,2283574,1981424,302150,0,0,t243
evaluate,1685841,1472086,213755,0,0,t244
evaluate,1637105,1377632,259473,0,0,t245
evaluate,2232097,1915875,316222,0,0,t246
evaluate,1661494,1392455,269039,0,0,t247
evaluate,1657112,1398240,258872,0,0,t248
evaluate,2268747,1972298,296449,0,0,t249
evaluate,1744010,1479566,264444,0,0,t250
evaluate,1672163,1400626,271537,0,0,t251
evaluate,2264895,1954423,310472,0,0,t252
evaluate,1754791,1483612,271179,0,0,t253
evaluate,1552834,1352945,199889,0,0,t254
evaluate,2220322,1934006,286316,0,0,t255
evaluate,1673932,1478378,195554,0,0,t256
evaluate,1541902,1350678,191224,0,0,t257
evaluate,1938724,1728791,209933,0,0,t258
evaluate,1706652,1433964,272688,0,0,t259
evaluate,1663930,1393364,270566,0,0,t260
evaluate,2244361,1978856,265505,0,0,t261
evaluate,1658744,1448897,209847,0,0,t262
evaluate,1638794,1368878,269916,0,0,t263
evaluate,2226486,1965257,261229,0,0,t264
evaluate,1700595,1405220,295375,0,0,t265
evaluate,1535152,1394206,140946,0,0,t266
evaluate,2082419,1902948,179471,0,0,t267
evaluate,1599850,1350873,248977,0,0,t268
evaluate,1604938,1368926,236012,0,0,t269
evaluate,2200624,1966800,233824,0,0,t270
evaluate,1644388,1502257,142131,0,0,t271
evaluate,1513357,1374202,139155,0,0,t272
evaluate,2113726,1912993,200733,0,0,t273
evaluate,1961461,1669726,291735,0,0,t274
evaluate,1894200,1625525,268675,0,0,t275
evaluate,2913818,2329450,584368,0,0,t276
evaluate,2175294,1824647,350647,0,0,t277
evaluate,1591105,1398394,192711,0,0,t278
evaluate,2217046,1961718,255328,0,0,t279
evaluate,1641961,1476786,165175,0,0,t280
evaluate,1622988,1411231,211757,0,0,t281
evaluate,2465724,2067434,398290,0,0,t282
evaluate,1830489,1552162,278327,0,0,t283
evaluate,1550046,1406321,143725,0,0,t284
evaluate,1971722,1803039,168683,0,0,t285
evaluate,1887854,1569462,318392,0,0,t286
evaluate,1928779,1531954,396825,0,0,t287
evaluate,2283630,2093987,189643,0,0,t288
evaluate,1686357,1450177,236180,0,0,t289
evaluate,1611896,1452145,159751,0,0,t290
evaluate,2245993,2061301,184692,0,0,t291
evaluate,1677378,1535923,141455,0,0,t292
evaluate,1556959,1422844,134115,0,0,t293
evaluate,2266185,2107980,158205,0,0,t294
evaluate,1696282,1543552,152730,0,0,t295
evaluate,1561416,1436050,125366,0,0,t296
evaluate,2242649,2071891,170758,0,0,t297
evaluate,1640116,1540448,99668,0,0,t298
evaluate,1581832,1448254,133578,0,0,t299
evaluate,2215054,1993577,221477,0,0,t300
evaluate,1499947,1399521,100426,0,0,t301
evaluate,1678321,1409603,268718,0,0,t302
evaluate,2241519,1960367,281152,0,0,t303
evaluate,1715388,1391257,324131,0,0,t304
evaluate,1648350,1403228,245122,0,0,t305
evaluate,2240597,1965850,274747,0,0,t306
evaluate,1713620,1481247,232373,0,0,t307
evaluate,1607190,1375742,231448,0,0,t308
evaluate,2152719,1966844,185875,0,0,t309
evaluate,1689357,1467032,222325,0,0,t310
evaluate,1607427,1385891,221536,0,0,t311
evaluate,2120157,1837729,282428,0,0,t312
evaluate,1752615,1461542,291073,0,0,t313
evaluate,1677039,1472668,204371,0,0,t314
evaluate,2081183,1923930,157253,0,0,t315
evaluate,1460541,1359865,100676,0,0,t316
evaluate,1460456,1352744,107712,0,0,t317
evaluate,2058877,1900213,158664,0,0,t318
evaluate,1472147,1362834,109313,0,0,t319
evaluate,1493760,1360653,133107,0,0,t320
evaluate,2033273,1932190,101083,0,0,t321
evaluate,1593180,1453421,139759,0,0,t322
evaluate,1451000,1369736,81264,0,0,t323
evaluate,2162343,1974848,187495,0,0,t324
evaluate,1546999,1450026,96973,0,0,t325
evaluate,1476384,1346575,129809,0,0,t326
evaluate,2040189,1941351,98838,0,0,t327
evaluate,1673677,1482001,191676,0,0,t328
evaluate,1498818,1416891,81927,0,0,t329
evaluate,2253038,2004541,248497,0,0,t330
evaluate,1569125,1483853,85272,0,0,t331
evaluate,1594023,1399671,194352,0,0,t332
evaluate,2014346,1928084,86262,0,0,t333
evaluate,1640711,1482135,158576,0,0,t334
evaluate,1627660,1559293,68367,0,0,t335
evaluate,2427714,2279185,148529,0,0,t336
evaluate,1773292,1697861,75431,0,0,t337
evaluate,1607229,1441978,165251,0,0,t338
evaluate,2254982,2124920,130062,0,0,t339
evaluate,1644533,1494262,150271,0,0,t340
evaluate,1554243,1396207,158036,0,0,t341
evaluate,2092468,1905617,186851,0,0,t342
evaluate,1673126,1567229,105897,0,0,t343
evaluate,1556040,1409865,146175,0,0,t344
evaluate,2226247,2068707,157540,0,0,t345
evaluate,1570085,1437649,132436,0,0,t346
evaluate,1494006,1422637,71369,0,0,t347
evaluate,2155821,2011441,144380,0,0,t348
evaluate,1584551,1491891,92660,0,0,t349
evaluate,1556149,1410826,145323,0,0,t350
evaluate,2083879,1990034,93845,0,0,t351
evaluate,1611011,1449625,161386,0,0,t352
evaluate,1450157,1361934,88223,0,0,t353
evaluate,2156580,2002706,153874,0,0,t354
evaluate,1584529,1502943,81586,0,0,t355
evaluate,1523631,1388626,135005,0,0,t356
evaluate,2110550,2033004,77546,0,0,t357
evaluate,1578907,1436276,142631,0,0,t358
evaluate,1513774,1404944,108830,0,0,t359
evaluate,2117957,1950907,167050,0,0,t360
evaluate,1579692,1511256,68436,0,0,t361
evaluate,1598611,1458748,139863,0,0,t362
evaluate,2121328,2029377,91951,0,0,t363
evaluate,1646039,1482048,163991,0,0,t364
evaluate,1448628,1364965,83663,0,0,t365
evaluate,2128551,1952972,175579,0,0,t366
evaluate,1549529,1463752,85777,0,0,t367
evaluate,1511051,1378937,132114,0,0,t368
evaluate,2005566,1914398,91168,0,0,t369
evaluate,1516762,1379594,137168,0,0,t370
evaluate,1558547,1455528,103019,0,0,t371
evaluate,2173025,2015806,157219,0,0,t372
evaluate,1548552,1472991,75561,0,0,t373
evaluate,1757425,1491407,266018,0,0,t374
evaluate,2371070,2272252,98818,0,0,t375
evaluate,1846954,1586094,260860,0,0,t376
evaluate,1602507,1460218,142289,0,0,t377
evaluate,2261692,2058880,202812,0,0,t378
evaluate,1695760,1550538,145222,0,0,t379
evaluate,1611230,1427058,184172,0,0,t380
evaluate,2096143,1988059,108084,0,0,t381
evaluate,1524303,1422359,101944,0,0,t382
evaluate,1586441,1428265,158176,0,0,t383
evaluate,2509246,2357452,151794,0,0,t384
evaluate,1689310,1538054,151256,0,0,t385
evaluate,1557568,1461273,96295,0,0,t386
evaluate,2285181,2125797,159384,0,0,t387
evaluate,2291968,2140877,151091,0,0,t388
evaluate,2171781,1923278,248503,0,0,t389
evaluate,2000164,1892181,107983,0,0,t390
evaluate,2252761,2046641,206120,0,0,t391
evaluate,2500339,2323107,177232,0,0,t392
evaluate,2653398,2424387,229011,0,0,t393
evaluate,2607216,2369968,237248,0,0,t394
evaluate,2306578,2109559,197019,0,0,t395
evaluate,2308731,2138291,170440,0,0,t396
evaluate,2437849,2141521,296328,0,0,t397
evaluate,2204572,1970730,233842,0,0,t398
evaluate,2152113,1995184,156929,0,0,t399
evaluate,2394623,2178076,216547,0,0,t400
evaluate,2355753,2207827,147926,0,0,t401
evaluate,2235135,2062451,172684,0,0,t402
evaluate,2043309,1874236,169073,0,0,t403
evaluate,2278030,2081463,196567,0,0,t404
evaluate,2042923,1866695,176228,0,0,t405
evaluate,2251914,2089629,162285,0,0,t406
evaluate,2339476,2169874,169602,0,0,t407
evaluate,2191525,2010963,180562,0,0,t408
evaluate,2086050,1925257,160793,0,0,t409
evaluate,2118019,1984661,133358,0,0,t410
evaluate,2207332,2077664,129668,0,0,t411
evaluate,2218827,2049237,169590,0,0,t412
evaluate,2279352,2077780,201572,0,0,t413
evaluate,2265087,2067723,197364,0,0,t414
evaluate,2301322,2119234,182088,0,0,t415
evaluate,2215877,2043618,172259,0,0,t416
evaluate,2087648,1925497,162151,0,0,t417
evaluate,1518107,1414120,103987,0,0,t418
evaluate,1535770,1388217,147553,0,0,t419
evaluate,1621011,1475671,145340,0,0,t420
evaluate,2104379,1940299,164080,0,0,t421
evaluate,1619852,1502677,117175,0,0,t422
evaluate,1651823,1484151,167672,0,0,t423
evaluate,1687071,1528525,158546,0,0,t424
evaluate,2086537,1911245,175292,0,0,t425
evaluate,2148869,1974905,173964,0,0,t426
evaluate,1608826,1463321,145505,0,0,t427
evaluate,2089299,1878725,210574,0,0,t428
evaluate,2089720,1906851,182869,0,0,t429
evaluate,2043816,1877491,166325,0,0,t430
evaluate,1755707,1561005,194702,0,0,t431
evaluate,2164653,1944404,220249,0,0,t432
evaluate,1652198,1507740,144458,0,0,t433
evaluate,1605116,1455754,149362,0,0,t434
evaluate,1709869,1494871,214998,0,0,t435
evaluate,2217113,1978442,238671,0,0,t436
evaluate,1695996,1494452,201544,0,0,t437
evaluate,2073594,1906661,166933,0,0,t438
evaluate,2033686,1871779,161907,0,0,t439
evaluate,2065802,1898640,167162,0,0,t440
evaluate,1597379,1450614,146765,0,0,t441
evaluate,2037755,1869735,168020,0,0,t442
evaluate,2091518,1910155,181363,0,0,t443
evaluate,2191086,2000427,190659,0,0,t444
evaluate,1661430,1512596,148834,0,0,t445
evaluate,1562371,1486585,75786,0,0,t446
evaluate,2050618,1943718,106900,0,0,t447
evaluate,1747545,1535361,212184,0,0,t448
evaluate,1758167,1637484,120683,0,0,t449
evaluate,2350873,2226424,124449,0,0,t450
evaluate,2412065,2234898,177167,0,0,t451
evaluate,2231478,2058885,172593,0,0,t452
evaluate,1806261,1634271,171990,0,0,t453
evaluate,2190965,2031137,159828,0,0,t454
evaluate,2196450,2072658,123792,0,0,t455
evaluate,2204749,1971533,233216,0,0,t456
evaluate,2028579,1852285,176294,0,0,t457
evaluate,2037705,1903444,134261,0,0,t458
evaluate,1642812,1493275,149537,0,0,t459
cong,36004086,26116362,9887724,0,0,t460
evaluate,42927041,41026511,1900530,0,0,t461
trans,1439815,324214,1115601,0,0,t462
cong,7458956,1566001,5892955,0,0,t463
evaluate,2783875,2502862,281013,0,0,t464
trans,6482581,1035345,5447236,0,0,t465
la_generic,2386570192,1923583574,462986618,0,0,t466
la_mult_neg,866025,778562,87463,0,0,t467
implies,271483,220093,51390,0,0,t468
rare_rewrite:bool-eq-true,1567510,1538052,29458,0,0,t469
equiv1,193897,164120,29777,0,0,t470
evaluate,2206836,1882971,323865,0,0,t471
resolution,1329924,495257,834667,0,0,t472
and_intro,218870,177229,41641,0,0,t473
resolution,979428,181837,797591,0,0,t474
la_mult_neg,481902,424500,57402,0,0,t475
implies,221315,169176,52139,0,0,t476
rare_rewrite:bool-eq-true,802944,773304,29640,0,0,t477
equiv1,208636,175459,33177,0,0,t478
evaluate,2203050,1783363,419687,0,0,t479
resolution,1139998,317691,822307,0,0,t480
and_intro,190895,154695,36200,0,0,t481
resolution,940098,182575,757523,0,0,t482
la_mult_pos,722478,557646,164832,0,0,t483
implies,327607,200226,127381,0,0,t484
rare_rewrite:bool-eq-true,765768,733753,32015,0,0,t485
equiv1,855796,825284,30512,0,0,t486
evaluate,2139787,1736421,403366,0,0,t487
resolution,1017128,229959,787169,0,0,t488
equiv_pos2,2100987,1903904,197083,0,0,t489
rare_rewrite:arith-elim-leq,895714,759327,136387,0,0,t490
poly_simp,33019793,22501792,10518001,0,0,t491
poly_simp_rel,1427101,675785,751316,0,0,t492
trans,439955,250749,189206,0,0,t493
symm,333261,162577,170684,0,0,t494
equiv_pos2,720447,454099,266348,0,0,t495
poly_simp,25979144,18000681,7978463,0,0,t496
poly_simp,3266540,2666669,599871,0,0,t497
poly_simp,2531638,1919097,612541,0,0,t498
refl,242667,208845,33822,0,0,t499
refl,167313,139856,27457,0,0,t500
refl,168624,139997,28627,0,0,t501
refl,159257,130757,28500,0,0,t502
refl,157863,131499,26364,0,0,t503
refl,160747,128630,32117,0,0,t504
refl,167713,132752,34961,0,0,t505
refl,147646,121125,26521,0,0,t506
refl,143518,119728,23790,0,0,t507
refl,146166,121340,24826,0,0,t508
refl,149917,123576,26341,0,0,t509
refl,142630,118180,24450,0,0,t510
refl,148060,121873,26187,0,0,t511
refl,146109,120428,25681,0,0,t512
refl,142671,120002,22669,0,0,t513
refl,142861,117958,24903,0,0,t514
refl,143966,120162,23804,0,0,t515
refl,151090,125213,25877,0,0,t516
refl,150759,127639,23120,0,0,t517
refl,149971,123787,26184,0,0,t518
refl,152505,125534,26971,0,0,t519
refl,148247,122387,25860,0,0,t520
refl,142505,118879,23626,0,0,t521
refl,148696,123972,24724,0,0,t522
refl,149639,124043,25596,0,0,t523
refl,147938,122752,25186,0,0,t524
refl,144820,118572,26248,0,0,t525
refl,143490,118630,24860,0,0,t526
refl,144826,120484,24342,0,0,t527
refl,146842,122654,24188,0,0,t528
cong,1312948,828453,484495,0,0,t529
poly_simp,25751779,17943580,7808199,0,0,t530
trans,468925,312771,156154,0,0,t531
trans,374685,229180,145505,0,0,t532
cong,573845,401037,172808,0,0,t533
poly_simp,23358445,17066918,6291527,0,0,t534
poly_simp_rel,1567555,716091,851464,0,0,t535
trans,364402,220541,143861,0,0,t536
equiv_pos2,559622,502041,57581,0,0,t537
poly_simp,3964250,2980913,983337,0,0,t538
poly_simp_rel,511950,275190,236760,0,0,t539
equiv_pos2,348190,286812,61378,0,0,t540
poly_simp,2545194,1884830,660364,0,0,t541
poly_simp,2369044,1870886,498158,0,0,t542
refl,195677,185579,10098,0,0,t543
cong,446325,355161,91164,0,0,t544
poly_simp,3037224,2203233,833991,0,0,t545
trans,286202,225798,60404,0,0,t546
trans,225352,173483,51869,0,0,t547
cong,295618,222655,72963,0,0,t548
resolution,1541939,267840,1274099,0,0,t549
resolution,1468753,240722,1228031,0,0,t550
cong,399273,326555,72718,0,0,t551
refl,191381,155371,36010,0,0,t552
cong,1078044,666744,411300,0,0,t553
refl,167941,154362,13579,0,0,t554
cong,452049,301553,150496,0,0,t555
poly_simp,3035822,2279479,756343,0,0,t556
cong,1113429,684551,428878,0,0,t557
poly_simp,23115012,16892736,6222276,0,0,t558
trans,528634,384209,144425,0,0,t559
cong,578309,423914,154395,0,0,t560
trans,374548,227383,147165,0,0,t561
rare_rewrite:arith-eq-elim-real,1126011,998400,127611,0,0,t562
semilattice_simp,5842940,5277672,565268,0,0,t563
trans,356441,221908,134533,0,0,t564
rare_rewrite:arith-elim-leq,848771,715998,132773,0,0,t565
poly_simp,35587034,24553444,11033590,0,0,t566
poly_simp_rel,1681609,573360,1108249,0,0,t567
trans,415691,236775,178916,0,0,t568
poly_simp,34110392,23814665,10295727,0,0,t569
poly_simp_rel,1464022,566027,897995,0,0,t570
cong,624445,356206,268239,0,0,t571
trans,467262,214747,252515,0,0,t572
resolution,1790032,324858,1465174,0,0,t573
and,1188922,639172,549750,0,0,t574
resolution,1638565,271307,1367258,0,0,t575
and_intro,332830,196079,136751,0,0,t576
resolution,1127232,218492,908740,0,0,t577
la_mult_neg,447729,384516,63213,0,0,t578
implies,233845,181552,52293,0,0,t579
rare_rewrite:bool-eq-true,797806,766083,31723,0,0,t580
equiv1,195125,164227,30898,0,0,t581
evaluate,2168471,1885392,283079,0,0,t582
resolution,1050793,231895,818898,0,0,t583
and_intro,188936,146804,42132,0,0,t584
resolution,956374,190857,765517,0,0,t585
la_mult_pos,444694,388779,55915,0,0,t586
implies,221068,177937,43131,0,0,t587
rare_rewrite:bool-eq-true,778159,749629,28530,0,0,t588
equiv1,193968,164732,29236,0,0,t589
evaluate,2243685,1834881,408804,0,0,t590
resolution,1034216,246924,787292,0,0,t591
and_intro,168654,134937,33717,0,0,t592
resolution,951117,184270,766847,0,0,t593
la_mult_pos,629605,465726,163879,0,0,t594
implies,324913,200446,124467,0,0,t595
rare_rewrite:bool-eq-true,718381,687568,30813,0,0,t596
equiv1,208650,178450,30200,0,0,t597
evaluate,1887248,1590474,296774,0,0,t598
resolution,1128383,249438,878945,0,0,t599
equiv_pos2,1966312,1761655,204657,0,0,t600
rare_rewrite:arith-elim-leq,936790,779357,157433,0,0,t601
poly_simp,33513757,22812412,10701345,0,0,t602
poly_simp_rel,1460725,627178,833547,0,0,t603
trans,502037,282575,219462,0,0,t604
symm,350720,164169,186551,0,0,t605
equiv_pos2,712141,462104,250037,0,0,t606
poly_simp,25339438,17751163,7588275,0,0,t607
poly_simp,3506440,2871097,635343,0,0,t608
poly_simp,2452933,1945901,507032,0,0,t609
refl,234969,202452,32517,0,0,t610
refl,184125,140815,43310,0,0,t611
refl,164167,135539,28628,0,0,t612
refl,157671,131207,26464,0,0,t613
refl,165819,135947,29872,0,0,t614
refl,155671,131505,24166,0,0,t615
refl,151579,125609,25970,0,0,t616
refl,154781,129632,25149,0,0,t617
refl,151519,127476,24043,0,0,t618
refl,154541,128769,25772,0,0,t619
refl,152104,125703,26401,0,0,t620
refl,148621,124493,24128,0,0,t621
refl,157242,130517,26725,0,0,t622
refl,156346,129195,27151,0,0,t623
refl,150273,123169,27104,0,0,t624
refl,152032,125217,26815,0,0,t625
refl,148727,122285,26442,0,0,t626
refl,152289,127416,24873,0,0,t627
refl,147686,124123,23563,0,0,t628
refl,152104,124805,27299,0,0,t629
refl,157493,130575,26918,0,0,t630
refl,148995,122723,26272,0,0,t631
refl,162828,136037,26791,0,0,t632
refl,161726,130947,30779,0,0,t633
refl,151254,127760,23494,0,0,t634
refl,152326,129253,23073,0,0,t635
refl,146450,122359,24091,0,0,t636
refl,155189,124051,31138,0,0,t637
refl,152261,124947,27314,0,0,t638
refl,151455,124525,26930,0,0,t639
cong,1384903,907914,476989,0,0,t640
poly_simp,25770300,18050826,7719474,0,0,t641
trans,489841,330680,159161,0,0,t642
trans,365887,224476,141411,0,0,t643
cong,589305,420818,168487,0,0,t644
equiv_pos2,634401,567902,66499,0,0,t645
poly_simp,4363398,3225388,1138010,0,0,t646
poly_simp_rel,673691,421894,251797,0,0,t647
equiv_pos2,411826,348340,63486,0,0,t648
poly_simp,3105676,2243381,862295,0,0,t649
poly_simp,2495931,1997027,498904,0,0,t650
refl,205892,196018,9874,0,0,t651
cong,459298,376861,82437,0,0,t652
poly_simp,3180458,2232294,948164,0,0,t653
trans,286301,221375,64926,0,0,t654
trans,226550,175392,51158,0,0,t655
cong,305010,229996,75014,0,0,t656
resolution,1564068,276804,1287264,0,0,t657
resolution,1504939,255469,1249470,0,0,t658
cong,432243,358649,73594,0,0,t659
refl,193081,156913,36168,0,0,t660
cong,1107047,678930,428117,0,0,t661
cong,466070,305244,160826,0,0,t662
poly_simp,3250941,2399676,851265,0,0,t663
cong,1125453,729428,396025,0,0,t664
poly_simp,22912798,16572975,6339823,0,0,t665
trans,492007,326000,166007,0,0,t666
cong,581431,394210,187221,0,0,t667
trans,409509,236779,172730,0,0,t668
rare_rewrite:arith-eq-elim-real,1191595,1008079,183516,0,0,t669
semilattice_simp,5660177,5079172,581005,0,0,t670
trans,374372,226499,147873,0,0,t671
rare_rewrite:arith-elim-leq,812786,685729,127057,0,0,t672
poly_simp,36393960,25832110,10561850,0,0,t673
poly_simp_rel,1906786,703484,1203302,0,0,t674
trans,451055,252334,198721,0,0,t675
poly_simp,38062735,26923967,11138768,0,0,t676
poly_simp_rel,1611411,686525,924886,0,0,t677
cong,634890,355831,279059,0,0,t678
trans,490281,219641,270640,0,0,t679
resolution,1810196,335376,1474820,0,0,t680
and,1348219,785515,562704,0,0,t681
resolution,1639057,285217,1353840,0,0,t682
and_intro,298353,167828,130525,0,0,t683
resolution,1123524,219969,903555,0,0,t684
la_mult_pos,439103,378338,60765,0,0,t685
implies,236079,188220,47859,0,0,t686
rare_rewrite:bool-eq-true,807236,776643,30593,0,0,t687
equiv1,206868,179657,27211,0,0,t688
evaluate,2258462,1883398,375064,0,0,t689
resolution,1099184,274412,824772,0,0,t690
and_intro,187758,146197,41561,0,0,t691
resolution,973904,187568,786336,0,0,t692
la_mult_neg,432495,372962,59533,0,0,t693
implies,225303,175413,49890,0,0,t694
rare_rewrite:bool-eq-true,715183,683711,31472,0,0,t695
equiv1,198603,165839,32764,0,0,t696
evaluate,1972671,1724051,248620,0,0,t697
resolution,1048061,228352,819709,0,0,t698
and_intro,201420,160985,40435,0,0,t699
resolution,985339,195122,790217,0,0,t700
la_mult_pos,578273,420183,158090,0,0,t701
implies,339140,206216,132924,0,0,t702
rare_rewrite:bool-eq-true,677417,649843,27574,0,0,t703
equiv1,199403,169948,29455,0,0,t704
evaluate,1817886,1623437,194449,0,0,t705
resolution,1037170,236334,800836,0,0,t706
equiv_pos2,2032832,1828742,204090,0,0,t707
rare_rewrite:arith-elim-leq,882291,743903,138388,0,0,t708
poly_simp,33793904,23266647,10527257,0,0,t709
poly_simp_rel,1427732,609597,818135,0,0,t710
trans,435923,246305,189618,0,0,t711
symm,333684,155221,178463,0,0,t712
equiv_pos2,700651,450009,250642,0,0,t713
poly_simp,26298513,18540188,7758325,0,0,t714
poly_simp,3490823,2858862,631961,0,0,t715
poly_simp,2697372,2151074,546298,0,0,t716
refl,226173,190459,35714,0,0,t717
refl,184939,148792,36147,0,0,t718
refl,184415,149417,34998,0,0,t719
refl,172453,144268,28185,0,0,t720
refl,168634,138481,30153,0,0,t721
refl,158284,130515,27769,0,0,t722
refl,159346,133857,25489,0,0,t723
refl,160994,131218,29776,0,0,t724
refl,164375,133324,31051,0,0,t725
refl,157043,131582,25461,0,0,t726
refl,153109,128511,24598,0,0,t727
refl,163978,137118,26860,0,0,t728
refl,152925,128354,24571,0,0,t729
refl,144564,121277,23287,0,0,t730
refl,159415,129205,30210,0,0,t731
refl,153494,127262,26232,0,0,t732
refl,150811,124525,26286,0,0,t733
refl,165079,137682,27397,0,0,t734
refl,155884,130024,25860,0,0,t735
refl,159898,132496,27402,0,0,t736
refl,158426,133152,25274,0,0,t737
refl,149973,123302,26671,0,0,t738
refl,149366,123820,25546,0,0,t739
refl,147738,123769,23969,0,0,t740
refl,169574,143335,26239,0,0,t741
refl,167355,137980,29375,0,0,t742
refl,156711,129045,27666,0,0,t743
refl,152169,125338,26831,0,0,t744
refl,151106,124596,26510,0,0,t745
refl,144546,121104,23442,0,0,t746
cong,2220424,1623538,596886,0,0,t747
poly_simp,27186949,19246959,7939990,0,0,t748
trans,662945,505267,157678,0,0,t749
trans,374385,228164,146221,0,0,t750
cong,665113,501856,163257,0,0,t751
poly_simp,23897493,17584473,6313020,0,0,t752
poly_simp_rel,1856026,849737,1006289,0,0,t753
trans,371009,226227,144782,0,0,t754
equiv_pos2,562033,501267,60766,0,0,t755
poly_simp,3993930,2922303,1071627,0,0,t756
poly_simp_rel,507222,273105,234117,0,0,t757
equiv_pos2,363561,298972,64589,0,0,t758
poly_simp,2637668,1939857,697811,0,0,t759
poly_simp,2309911,1817438,492473,0,0,t760
refl,208938,198415,10523,0,0,t761
cong,481360,398102,83258,0,0,t762
poly_simp,3218182,2243505,974677,0,0,t763
trans,289028,229524,59504,0,0,t764
trans,235453,182654,52799,0,0,t765
cong,320824,246690,74134,0,0,t766
resolution,1549415,286308,1263107,0,0,t767
resolution,2217900,915560,1302340,0,0,t768
cong,423869,350759,73110,0,0,t769
refl,199634,165645,33989,0,0,t770
cong,1088899,657792,431107,0,0,t771
cong,474189,322638,151551,0,0,t772
poly_simp,3263173,2346706,916467,0,0,t773
cong,1228888,814164,414724,0,0,t774
poly_simp,25175170,17710703,7464467,0,0,t775
trans,568843,433486,135357,0,0,t776
cong,583852,438819,145033,0,0,t777
trans,329058,207434,121624,0,0,t778
rare_rewrite:arith-eq-elim-real,1280298,1151832,128466,0,0,t779
semilattice_simp,5510704,4938472,572232,0,0,t780
trans,355678,221424,134254,0,0,t781
rare_rewrite:arith-elim-leq,837516,718635,118881,0,0,t782
poly_simp,35874937,25199208,10675729,0,0,t783
poly_simp_rel,1786315,674482,1111833,0,0,t784
trans,449240,263780,185460,0,0,t785
poly_simp,35524312,24815306,10709006,0,0,t786
poly_simp_rel,1786621,579566,1207055,0,0,t787
cong,615657,376221,239436,0,0,t788
trans,471313,225568,245745,0,0,t789
resolution,1823651,331869,1491782,0,0,t790
and,1155309,600592,554717,0,0,t791
resolution,1657838,277350,1380488,0,0,t792
and_intro,312837,172574,140263,0,0,t793
resolution,1147084,228472,918612,0,0,t794
la_mult_pos,452395,392346,60049,0,0,t795
implies,229445,182824,46621,0,0,t796
rare_rewrite:bool-eq-true,812970,784343,28627,0,0,t797
equiv1,210077,179282,30795,0,0,t798
evaluate,2247805,1863950,383855,0,0,t799
resolution,1101259,283053,818206,0,0,t800
and_intro,202074,162946,39128,0,0,t801
resolution,993081,195751,797330,0,0,t802
la_mult_neg,456480,394905,61575,0,0,t803
implies,229900,181441,48459,0,0,t804
rare_rewrite:bool-eq-true,729235,697205,32030,0,0,t805
equiv1,211162,178695,32467,0,0,t806
evaluate,2040189,1724705,315484,0,0,t807
resolution,1100323,266154,834169,0,0,t808
and_intro,185346,149864,35482,0,0,t809
resolution,974376,194371,780005,0,0,t810
la_mult_pos,616617,450504,166113,0,0,t811
implies,339990,205652,134338,0,0,t812
rare_rewrite:bool-eq-true,712705,675772,36933,0,0,t813
equiv1,212567,183114,29453,0,0,t814
evaluate,1942048,1670417,271631,0,0,t815
resolution,1018920,224168,794752,0,0,t816
equiv_pos2,2008272,1797340,210932,0,0,t817
rare_rewrite:arith-elim-leq,891314,758481,132833,0,0,t818
poly_simp,33253449,22793505,10459944,0,0,t819
poly_simp_rel,1377923,547081,830842,0,0,t820
trans,441879,239779,202100,0,0,t821
symm,354408,165705,188703,0,0,t822
equiv_pos2,722185,463423,258762,0,0,t823
poly_simp,25813851,18142580,7671271,0,0,t824
poly_simp,3119412,2572009,547403,0,0,t825
poly_simp,2496371,1894417,601954,0,0,t826
refl,242120,207193,34927,0,0,t827
refl,186558,156587,29971,0,0,t828
refl,168449,140301,28148,0,0,t829
refl,166806,137052,29754,0,0,t830
refl,163882,135614,28268,0,0,t831
refl,158984,131926,27058,0,0,t832
refl,157532,133114,24418,0,0,t833
refl,162821,134490,28331,0,0,t834
refl,166142,139689,26453,0,0,t835
refl,154118,127535,26583,0,0,t836
refl,159254,131332,27922,0,0,t837
refl,156005,132592,23413,0,0,t838
refl,161439,132665,28774,0,0,t839
refl,156520,129429,27091,0,0,t840
refl,152310,127668,24642,0,0,t841
refl,152961,127153,25808,0,0,t842
refl,150322,124297,26025,0,0,t843
refl,162328,134264,28064,0,0,t844
refl,155781,130184,25597,0,0,t845
refl,147981,123025,24956,0,0,t846
refl,155145,130557,24588,0,0,t847
refl,176326,149086,27240,0,0,t848
refl,154732,127217,27515,0,0,t849
refl,155326,128943,26383,0,0,t850
refl,147912,124369,23543,0,0,t851
refl,152173,125492,26681,0,0,t852
refl,154250,126810,27440,0,0,t853
refl,158265,130282,27983,0,0,t854
refl,161098,133507,27591,0,0,t855
refl,159095,132801,26294,0,0,t856
cong,1341055,844852,496203,0,0,t857
poly_simp,27248585,19281206,7967379,0,0,t858
trans,649804,482540,167264,0,0,t859
trans,375408,230350,145058,0,0,t860
cong,613371,441776,171595,0,0,t861
poly_simp,24053289,17865711,6187578,0,0,t862
poly_simp_rel,1460303,566172,894131,0,0,t863
trans,404214,253300,150914,0,0,t864
equiv_pos2,575129,515480,59649,0,0,t865
poly_simp,4041024,2913290,1127734,0,0,t866
poly_simp_rel,491885,266289,225596,0,0,t867
equiv_pos2,369217,308696,60521,0,0,t868
poly_simp,2599342,1882228,717114,0,0,t869
poly_simp,2387292,1841052,546240,0,0,t870
refl,200950,191130,9820,0,0,t871
cong,445183,365364,79819,0,0,t872
poly_simp,3048202,2188584,859618,0,0,t873
trans,288717,226501,62216,0,0,t874
trans,246002,190175,55827,0,0,t875
cong,290742,219713,71029,0,0,t876
resolution,1599611,280492,1319119,0,0,t877
resolution,1498701,248896,1249805,0,0,t878
cong,418512,344343,74169,0,0,t879
refl,189611,155513,34098,0,0,t880
cong,1090419,660557,429862,0,0,t881
cong,472566,326560,146006,0,0,t882
poly_simp,3170802,2348382,822420,0,0,t883
cong,1122023,700130,421893,0,0,t884
poly_simp,24159225,18015782,6143443,0,0,t885
trans,480837,335749,145088,0,0,t886
cong,550776,393641,157135,0,0,t887
trans,353971,220604,133367,0,0,t888
rare_rewrite:arith-eq-elim-real,1070725,941538,129187,0,0,t889
semilattice_simp,5570731,5001726,569005,0,0,t890
trans,366189,228442,137747,0,0,t891
rare_rewrite:arith-elim-leq,830363,706604,123759,0,0,t892
poly_simp,35651303,25013535,10637768,0,0,t893
poly_simp_rel,1730627,614684,1115943,0,0,t894
trans,427854,243514,184340,0,0,t895
poly_simp,34460534,24217596,10242938,0,0,t896
poly_simp_rel,1382266,515627,866639,0,0,t897
cong,625278,363331,261947,0,0,t898
trans,485045,232520,252525,0,0,t899
resolution,1802958,331489,1471469,0,0,t900
and,1226243,604831,621412,0,0,t901
resolution,1706453,304297,1402156,0,0,t902
and_intro,321683,179143,142540,0,0,t903
resolution,1112467,221237,891230,0,0,t904
la_mult_pos,447853,386749,61104,0,0,t905
implies,224185,175188,48997,0,0,t906
rare_rewrite:bool-eq-true,847043,816793,30250,0,0,t907
equiv1,205306,176989,28317,0,0,t908
evaluate,2009370,1814025,195345,0,0,t909
resolution,1041935,214339,827596,0,0,t910
and_intro,189051,145301,43750,0,0,t911
resolution,1031240,198932,832308,0,0,t912
la_mult_neg,415854,357626,58228,0,0,t913
implies,218809,173296,45513,0,0,t914
rare_rewrite:bool-eq-true,695798,663134,32664,0,0,t915
equiv1,207991,173600,34391,0,0,t916
evaluate,1922582,1651807,270775,0,0,t917
resolution,1044956,236458,808498,0,0,t918
and_intro,186341,147131,39210,0,0,t919
resolution,972372,196958,775414,0,0,t920
la_mult_pos,596408,431760,164648,0,0,t921
implies,333780,206974,126806,0,0,t922
rare_rewrite:bool-eq-true,697985,664950,33035,0,0,t923
equiv1,207285,176106,31179,0,0,t924
evaluate,1868572,1621254,247318,0,0,t925
resolution,1060473,241364,819109,0,0,t926
equiv_pos2,2031551,1823993,207558,0,0,t927
rare_rewrite:arith-elim-leq,897568,770739,126829,0,0,t928
poly_simp,34188098,23169671,11018427,0,0,t929
poly_simp_rel,1632157,824651,807506,0,0,t930
trans,455230,262158,193072,0,0,t931
symm,364245,187383,176862,0,0,t932
equiv_pos2,722130,464523,257607,0,0,t933
poly_simp,26331325,18568981,7762344,0,0,t934
poly_simp,3651878,2975929,675949,0,0,t935
poly_simp,2598521,2047617,550904,0,0,t936
refl,247368,214098,33270,0,0,t937
refl,180125,149226,30899,0,0,t938
refl,176212,146284,29928,0,0,t939
refl,178181,149405,28776,0,0,t940
refl,173911,145987,27924,0,0,t941
refl,162219,135081,27138,0,0,t942
refl,165719,140446,25273,0,0,t943
refl,167519,139840,27679,0,0,t944
refl,163356,138817,24539,0,0,t945
refl,176593,149765,26828,0,0,t946
refl,158397,131588,26809,0,0,t947
refl,153834,130490,23344,0,0,t948
refl,159235,131889,27346,0,0,t949
refl,156615,131096,25519,0,0,t950
refl,155273,130279,24994,0,0,t951
refl,163027,133360,29667,0,0,t952
refl,160532,132625,27907,0,0,t953
refl,164742,135385,29357,0,0,t954
refl,155404,130782,24622,0,0,t955
refl,162191,134322,27869,0,0,t956
refl,159861,132562,27299,0,0,t957
refl,156867,130674,26193,0,0,t958
refl,150960,124882,26078,0,0,t959
refl,158038,130289,27749,0,0,t960
refl,163381,137510,25871,0,0,t961
refl,176382,146990,29392,0,0,t962
refl,160282,134197,26085,0,0,t963
refl,163098,137621,25477,0,0,t964
refl,157026,131256,25770,0,0,t965
refl,149784,126717,23067,0,0,t966
cong,1315613,806586,509027,0,0,t967
poly_simp,26175049,18508572,7666477,0,0,t968
trans,511318,347114,164204,0,0,t969
trans,365731,222905,142826,0,0,t970
cong,576313,395073,181240,0,0,t971
poly_simp,23906317,17571795,6334522,0,0,t972
poly_simp_rel,1455803,578915,876888,0,0,t973
trans,410147,255219,154928,0,0,t974
equiv_pos2,589444,529246,60198,0,0,t975
poly_simp,3967144,2940341,1026803,0,0,t976
poly_simp_rel,506969,279815,227154,0,0,t977
equiv_pos2,371113,307160,63953,0,0,t978
poly_simp,2610487,1907203,703284,0,0,t979
poly_simp,2623494,1965823,657671,0,0,t980
refl,274389,263195,11194,0,0,t981
cong,522505,438055,84450,0,0,t982
poly_simp,4040253,2623942,1416311,0,0,t983
trans,433687,373478,60209,0,0,t984
trans,229948,178702,51246,0,0,t985
cong,476088,288781,187307,0,0,t986
resolution,1601500,298938,1302562,0,0,t987
resolution,1452116,247769,1204347,0,0,t988
cong,442487,366372,76115,0,0,t989
refl,195371,157616,37755,0,0,t990
cong,1123088,685807,437281,0,0,t991
cong,489636,335395,154241,0,0,t992
poly_simp,3752184,2706950,1045234,0,0,t993
cong,1229921,814067,415854,0,0,t994
poly_simp,23743753,17407396,6336357,0,0,t995
trans,528960,369310,159650,0,0,t996
cong,615101,445604,169497,0,0,t997
trans,375883,229430,146453,0,0,t998
rare_rewrite:arith-eq-elim-real,1216729,1079092,137637,0,0,t999
semilattice_simp,5782136,5195017,587119,0,0,t1000
trans,437949,294157,143792,0,0,t1001
rare_rewrite:arith-elim-leq,1021110,896955,124155,0,0,t1002
poly_simp,39094752,28002452,11092300,0,0,t1003
poly_simp_rel,1826822,698263,1128559,0,0,t1004
trans,441283,242700,198583,0,0,t1005
poly_simp,38361671,27578907,10782764,0,0,t1006
poly_simp_rel,1703188,722901,980287,0,0,t1007
cong,678393,387565,290828,0,0,t1008
trans,517008,243819,273189,0,0,t1009
resolution,1868642,338146,1530496,0,0,t1010
and,1217516,627321,590195,0,0,t1011
resolution,1683640,276394,1407246,0,0,t1012
and_intro,330078,181672,148406,0,0,t1013
resolution,1146613,232403,914210,0,0,t1014
la_mult_neg,461223,397226,63997,0,0,t1015
implies,246852,198887,47965,0,0,t1016
rare_rewrite:bool-eq-true,826072,795137,30935,0,0,t1017
equiv1,226321,192049,34272,0,0,t1018
evaluate,2262591,2006954,255637,0,0,t1019
resolution,1035205,220446,814759,0,0,t1020
and_intro,193325,152827,40498,0,0,t1021
resolution,982674,200906,781768,0,0,t1022
la_mult_pos,416486,363847,52639,0,0,t1023
implies,226653,183079,43574,0,0,t1024
rare_rewrite:bool-eq-true,703205,672313,30892,0,0,t1025
equiv1,216810,186133,30677,0,0,t1026
evaluate,1984833,1685999,298834,0,0,t1027
resolution,1026456,243541,782915,0,0,t1028
and_intro,200990,165250,35740,0,0,t1029
resolution,965903,193858,772045,0,0,t1030
la_mult_pos,614880,452804,162076,0,0,t1031
implies,342765,209441,133324,0,0,t1032
rare_rewrite:bool-eq-true,705747,674600,31147,0,0,t1033
equiv1,224530,189565,34965,0,0,t1034
evaluate,1841798,1617392,224406,0,0,t1035
resolution,1056633,225943,830690,0,0,t1036
equiv_pos2,1964846,1752584,212262,0,0,t1037
rare_rewrite:arith-elim-leq,904554,758963,145591,0,0,t1038
poly_simp,34138602,23764503,10374099,0,0,t1039
poly_simp_rel,1446734,629053,817681,0,0,t1040
trans,449990,250817,199173,0,0,t1041
symm,349329,166844,182485,0,0,t1042
equiv_pos2,707366,451237,256129,0,0,t1043
poly_simp,26337106,18299024,8038082,0,0,t1044
poly_simp,3192732,2608858,583874,0,0,t1045
poly_simp,3097480,2405841,691639,0,0,t1046
refl,266425,230962,35463,0,0,t1047
refl,202642,167967,34675,0,0,t1048
refl,187209,157875,29334,0,0,t1049
refl,170336,144416,25920,0,0,t1050
refl,161969,136695,25274,0,0,t1051
refl,161291,135970,25321,0,0,t1052
refl,161851,134633,27218,0,0,t1053
refl,182091,152822,29269,0,0,t1054
refl,162947,136721,26226,0,0,t1055
refl,153158,129568,23590,0,0,t1056
refl,154407,127672,26735,0,0,t1057
refl,158013,133813,24200,0,0,t1058
refl,153902,127520,26382,0,0,t1059
refl,146798,124317,22481,0,0,t1060
refl,159052,131678,27374,0,0,t1061
refl,153697,130448,23249,0,0,t1062
refl,159015,130244,28771,0,0,t1063
refl,175247,150702,24545,0,0,t1064
refl,162544,136378,26166,0,0,t1065
refl,153486,127381,26105,0,0,t1066
refl,164616,139421,25195,0,0,t1067
refl,157243,133662,23581,0,0,t1068
refl,162540,137466,25074,0,0,t1069
refl,162513,136051,26462,0,0,t1070
refl,156931,131280,25651,0,0,t1071
refl,151023,127510,23513,0,0,t1072
refl,155643,132227,23416,0,0,t1073
refl,152827,129444,23383,0,0,t1074
refl,160985,136040,24945,0,0,t1075
refl,159320,133913,25407,0,0,t1076
cong,1320090,827431,492659,0,0,t1077
poly_simp,25877320,18372229,7505091,0,0,t1078
trans,569435,408177,161258,0,0,t1079
trans,361888,224136,137752,0,0,t1080
cong,653755,462358,191397,0,0,t1081
equiv_pos2,628405,563288,65117,0,0,t1082
poly_simp,4057375,2948672,1108703,0,0,t1083
poly_simp_rel,567470,315967,251503,0,0,t1084
equiv_pos2,376766,310421,66345,0,0,t1085
poly_simp,2691845,1943677,748168,0,0,t1086
poly_simp,2482101,1864610,617491,0,0,t1087
refl,206016,196276,9740,0,0,t1088
cong,442071,361948,80123,0,0,t1089
poly_simp,3256195,2252498,1003697,0,0,t1090
trans,287530,228044,59486,0,0,t1091
trans,226879,175956,50923,0,0,t1092
cong,311945,235954,75991,0,0,t1093
resolution,1560458,293987,1266471,0,0,t1094
resolution,1471132,246526,1224606,0,0,t1095
cong,413347,339160,74187,0,0,t1096
refl,201692,164388,37304,0,0,t1097
cong,1096230,676702,419528,0,0,t1098
cong,485240,329559,155681,0,0,t1099
poly_simp,3357632,2390556,967076,0,0,t1100
cong,1144832,737966,406866,0,0,t1101
poly_simp,22889808,16888294,6001514,0,0,t1102
trans,472519,333139,139380,0,0,t1103
cong,598959,438364,160595,0,0,t1104
trans,385737,244472,141265,0,0,t1105
rare_rewrite:arith-eq-elim-real,1250125,1109233,140892,0,0,t1106
semilattice_simp,5468929,4885811,583118,0,0,t1107
trans,373156,227675,145481,0,0,t1108
rare_rewrite:arith-elim-leq,876808,747232,129576,0,0,t1109
poly_simp,37789295,26764477,11024818,0,0,t1110
poly_simp_rel,1685667,590494,1095173,0,0,t1111
trans,458823,262888,195935,0,0,t1112
poly_simp,38595541,28036564,10558977,0,0,t1113
poly_simp_rel,1674034,728787,945247,0,0,t1114
cong,625100,359417,265683,0,0,t1115
trans,499541,240554,258987,0,0,t1116
resolution,1828279,335755,1492524,0,0,t1117
and,1301592,692982,608610,0,0,t1118
resolution,1707852,290194,1417658,0,0,t1119
and_intro,324269,176171,148098,0,0,t1120
resolution,1149588,225281,924307,0,0,t1121
la_mult_pos,464876,402627,62249,0,0,t1122
implies,240095,191511,48584,0,0,t1123
rare_rewrite:bool-eq-true,836140,807109,29031,0,0,t1124
equiv1,207066,177375,29691,0,0,t1125
evaluate,2094480,1832942,261538,0,0,t1126
resolution,1074300,254627,819673,0,0,t1127
and_intro,201482,159382,42100,0,0,t1128
resolution,996579,198483,798096,0,0,t1129
la_mult_neg,427288,369044,58244,0,0,t1130
implies,229368,182610,46758,0,0,t1131
rare_rewrite:bool-eq-true,745166,713480,31686,0,0,t1132
equiv1,213489,181294,32195,0,0,t1133
evaluate,2206431,1783422,423009,0,0,t1134
resolution,1120049,268515,851534,0,0,t1135
and_intro,192206,154801,37405,0,0,t1136
resolution,990695,209356,781339,0,0,t1137
la_mult_pos,621536,456837,164699,0,0,t1138
implies,351724,220424,131300,0,0,t1139
rare_rewrite:bool-eq-true,753208,721461,31747,0,0,t1140
equiv1,217236,188106,29130,0,0,t1141
evaluate,2046696,1717220,329476,0,0,t1142
resolution,1088437,262441,825996,0,0,t1143
equiv_pos2,2137740,1924727,213013,0,0,t1144
rare_rewrite:arith-elim-leq,903540,758013,145527,0,0,t1145
poly_simp,35665464,23715371,11950093,0,0,t1146
poly_simp_rel,1443419,645836,797583,0,0,t1147
trans,462829,278351,184478,0,0,t1148
symm,358045,172133,185912,0,0,t1149
equiv_pos2,707997,462614,245383,0,0,t1150
poly_simp,25977502,18327324,7650178,0,0,t1151
poly_simp,3197573,2586409,611164,0,0,t1152
poly_simp,2643040,2038605,604435,0,0,t1153
refl,239298,200084,39214,0,0,t1154
refl,191012,160969,30043,0,0,t1155
refl,181286,152044,29242,0,0,t1156
refl,185123,153945,31178,0,0,t1157
refl,168384,140504,27880,0,0,t1158
refl,177427,143893,33534,0,0,t1159
refl,168922,142659,26263,0,0,t1160
refl,189686,160303,29383,0,0,t1161
refl,182951,153997,28954,0,0,t1162
refl,198667,170724,27943,0,0,t1163
refl,199378,144989,54389,0,0,t1164
refl,159927,134381,25546,0,0,t1165
refl,159420,132414,27006,0,0,t1166
refl,160056,132167,27889,0,0,t1167
refl,156099,131084,25015,0,0,t1168
refl,174011,147630,26381,0,0,t1169
refl,164443,138055,26388,0,0,t1170
refl,153840,128023,25817,0,0,t1171
refl,168687,142343,26344,0,0,t1172
refl,161467,135049,26418,0,0,t1173
refl,161706,134811,26895,0,0,t1174
refl,151986,126995,24991,0,0,t1175
refl,153103,129098,24005,0,0,t1176
refl,156545,132353,24192,0,0,t1177
refl,154341,128847,25494,0,0,t1178
refl,154014,128284,25730,0,0,t1179
refl,159612,134130,25482,0,0,t1180
refl,176475,149347,27128,0,0,t1181
refl,171554,144528,27026,0,0,t1182
refl,167080,142043,25037,0,0,t1183
cong,1477365,951691,525674,0,0,t1184
poly_simp,27461275,19164921,8296354,0,0,t1185
trans,576223,419860,156363,0,0,t1186
trans,368491,234366,134125,0,0,t1187
cong,603125,437724,165401,0,0,t1188
poly_simp,23878848,17857895,6020953,0,0,t1189
poly_simp_rel,1588417,693782,894635,0,0,t1190
trans,383901,237462,146439,0,0,t1191
equiv_pos2,616979,556268,60711,0,0,t1192
poly_simp,4152517,3070028,1082489,0,0,t1193
poly_simp_rel,523747,280905,242842,0,0,t1194
equiv_pos2,348080,288909,59171,0,0,t1195
poly_simp,2587815,1893472,694343,0,0,t1196
poly_simp,2384861,1860317,524544,0,0,t1197
refl,210396,200096,10300,0,0,t1198
cong,466673,386435,80238,0,0,t1199
poly_simp,3315194,2445119,870075,0,0,t1200
trans,290761,227931,62830,0,0,t1201
trans,252155,198284,53871,0,0,t1202
cong,314615,240476,74139,0,0,t1203
resolution,1670204,313114,1357090,0,0,t1204
resolution,1571163,264384,1306779,0,0,t1205
cong,426303,351518,74785,0,0,t1206
refl,193977,158649,35328,0,0,t1207
cong,1175880,742261,433619,0,0,t1208
cong,535815,361481,174334,0,0,t1209
poly_simp,3264804,2391003,873801,0,0,t1210
cong,1149938,728215,421723,0,0,t1211
poly_simp,23364596,17275038,6089558,0,0,t1212
trans,483499,332548,150951,0,0,t1213
cong,582131,416120,166011,0,0,t1214
trans,353517,223764,129753,0,0,t1215
rare_rewrite:arith-eq-elim-real,1108126,983667,124459,0,0,t1216
semilattice_simp,5588228,4999832,588396,0,0,t1217
trans,374293,234419,139874,0,0,t1218
rare_rewrite:arith-elim-leq,837746,720522,117224,0,0,t1219
poly_simp,37855689,26693574,11162115,0,0,t1220
poly_simp_rel,1839505,678681,1160824,0,0,t1221
trans,478619,284004,194615,0,0,t1222
poly_simp,36310533,26043267,10267266,0,0,t1223
poly_simp_rel,1642258,669426,972832,0,0,t1224
cong,728567,463745,264822,0,0,t1225
trans,518965,237573,281392,0,0,t1226
resolution,1838038,346822,1491216,0,0,t1227
and,1224688,635856,588832,0,0,t1228
resolution,1727314,279542,1447772,0,0,t1229
and_intro,319545,181330,138215,0,0,t1230
resolution,1152298,236817,915481,0,0,t1231
la_mult_pos,471957,411326,60631,0,0,t1232
implies,275755,226698,49057,0,0,t1233
rare_rewrite:bool-eq-true,854016,824537,29479,0,0,t1234
equiv1,214195,186265,27930,0,0,t1235
evaluate,2172346,1824560,347786,0,0,t1236
resolution,1047295,242335,804960,0,0,t1237
and_intro,202990,157876,45114,0,0,t1238
resolution,997428,212780,784648,0,0,t1239
la_mult_neg,445537,387049,58488,0,0,t1240
implies,235645,186443,49202,0,0,t1241
rare_rewrite:bool-eq-true,730366,698261,32105,0,0,t1242
equiv1,221487,189122,32365,0,0,t1243
evaluate,1868649,1682795,185854,0,0,t1244
resolution,1064179,244716,819463,0,0,t1245
and_intro,187807,150522,37285,0,0,t1246
resolution,1033030,235099,797931,0,0,t1247
la_mult_pos,606939,443628,163311,0,0,t1248
implies,343901,207782,136119,0,0,t1249
rare_rewrite:bool-eq-true,714081,682659,31422,0,0,t1250
equiv1,223390,192514,30876,0,0,t1251
evaluate,1868425,1640377,228048,0,0,t1252
resolution,1073917,263021,810896,0,0,t1253
equiv_pos2,3452552,3239424,213128,0,0,t1254
rare_rewrite:arith-elim-leq,955636,812313,143323,0,0,t1255
poly_simp,34116499,23973960,10142539,0,0,t1256
poly_simp_rel,1396131,582342,813789,0,0,t1257
trans,463622,266745,196877,0,0,t1258
symm,351064,170715,180349,0,0,t1259
equiv_pos2,758371,489862,268509,0,0,t1260
poly_simp,27296760,19118002,8178758,0,0,t1261
poly_simp,3164113,2619035,545078,0,0,t1262
poly_simp,2516909,1993777,523132,0,0,t1263
refl,253268,213787,39481,0,0,t1264
refl,229351,195153,34198,0,0,t1265
refl,192301,161781,30520,0,0,t1266
refl,177150,146219,30931,0,0,t1267
refl,170393,143911,26482,0,0,t1268
refl,176112,145033,31079,0,0,t1269
refl,169484,142077,27407,0,0,t1270
refl,162442,135040,27402,0,0,t1271
refl,167889,140719,27170,0,0,t1272
refl,173764,145151,28613,0,0,t1273
refl,168852,143274,25578,0,0,t1274
refl,162763,137272,25491,0,0,t1275
refl,161068,134661,26407,0,0,t1276
refl,171434,143981,27453,0,0,t1277
refl,182320,154038,28282,0,0,t1278
refl,171759,145045,26714,0,0,t1279
refl,164896,138333,26563,0,0,t1280
refl,166410,142385,24025,0,0,t1281
refl,174687,144853,29834,0,0,t1282
refl,168261,139793,28468,0,0,t1283
refl,176225,149735,26490,0,0,t1284
refl,174752,146836,27916,0,0,t1285
refl,165875,139316,26559,0,0,t1286
refl,157743,133827,23916,0,0,t1287
refl,160754,134663,26091,0,0,t1288
refl,157008,133600,23408,0,0,t1289
refl,333299,306103,27196,0,0,t1290
refl,170723,142284,28439,0,0,t1291
refl,169409,142001,27408,0,0,t1292
refl,156974,134172,22802,0,0,t1293
cong,1297330,801553,495777,0,0,t1294
poly_simp,26558312,18746438,7811874,0,0,t1295
trans,547003,376134,170869,0,0,t1296
trans,395875,250646,145229,0,0,t1297
cong,596375,428937,167438,0,0,t1298
poly_simp,24249495,17801354,6448141,0,0,t1299
poly_simp_rel,1469043,588468,880575,0,0,t1300
trans,386722,242758,143964,0,0,t1301
equiv_pos2,598521,535138,63383,0,0,t1302
poly_simp,4144753,3010988,1133765,0,0,t1303
poly_simp_rel,531711,302387,229324,0,0,t1304
equiv_pos2,390439,326949,63490,0,0,t1305
poly_simp,2649058,1917970,731088,0,0,t1306
poly_simp,2461927,1883831,578096,0,0,t1307
refl,209623,199908,9715,0,0,t1308
cong,458394,376092,82302,0,0,t1309
poly_simp,3201349,2254998,946351,0,0,t1310
trans,288707,229204,59503,0,0,t1311
trans,252788,200415,52373,0,0,t1312
cong,312665,240392,72273,0,0,t1313
resolution,1646699,286759,1359940,0,0,t1314
resolution,1523677,261155,1262522,0,0,t1315
cong,439400,365503,73897,0,0,t1316
refl,211535,172659,38876,0,0,t1317
cong,1136433,714985,421448,0,0,t1318
cong,498303,340473,157830,0,0,t1319
poly_simp,3290293,2405560,884733,0,0,t1320
cong,1213633,783725,429908,0,0,t1321
poly_simp,24485797,17760029,6725768,0,0,t1322
trans,508157,365057,143100,0,0,t1323
cong,610481,432126,178355,0,0,t1324
trans,365700,232530,133170,0,0,t1325
rare_rewrite:arith-eq-elim-real,1120051,989122,130929,0,0,t1326
semilattice_simp,5859175,5262835,596340,0,0,t1327
trans,375283,231811,143472,0,0,t1328
rare_rewrite:arith-elim-leq,850844,729874,120970,0,0,t1329
poly_simp,38275546,27647377,10628169,0,0,t1330
poly_simp_rel,1750961,602790,1148171,0,0,t1331
trans,462523,263981,198542,0,0,t1332
poly_simp,37949342,27007739,10941603,0,0,t1333
poly_simp_rel,1558204,656447,901757,0,0,t1334
cong,671541,390599,280942,0,0,t1335
trans,507681,237766,269915,0,0,t1336
resolution,1818853,347446,1471407,0,0,t1337
and,1270210,670857,599353,0,0,t1338
resolution,1744379,291200,1453179,0,0,t1339
and_intro,336335,189153,147182,0,0,t1340
resolution,1150160,237754,912406,0,0,t1341
la_mult_pos,484629,419594,65035,0,0,t1342
implies,250523,203284,47239,0,0,t1343
rare_rewrite:bool-eq-true,841319,814031,27288,0,0,t1344
equiv1,207272,178623,28649,0,0,t1345
evaluate,2628158,1997226,630932,0,0,t1346
resolution,1059274,257130,802144,0,0,t1347
and_intro,196273,154529,41744,0,0,t1348
resolution,1004887,237544,767343,0,0,t1349
la_mult_neg,462234,397342,64892,0,0,t1350
implies,249961,200585,49376,0,0,t1351
rare_rewrite:bool-eq-true,786086,753676,32410,0,0,t1352
equiv1,225012,191757,33255,0,0,t1353
evaluate,1924754,1690523,234231,0,0,t1354
resolution,1080228,237906,842322,0,0,t1355
and_intro,193027,155496,37531,0,0,t1356
resolution,1059175,231234,827941,0,0,t1357
la_mult_pos,624147,466051,158096,0,0,t1358
implies,345811,219651,126160,0,0,t1359
rare_rewrite:bool-eq-true,748114,716502,31612,0,0,t1360
equiv1,215380,184644,30736,0,0,t1361
evaluate,1971340,1686931,284409,0,0,t1362
resolution,1098256,246269,851987,0,0,t1363
equiv_pos2,2110540,1862669,247871,0,0,t1364
rare_rewrite:arith-elim-leq,939371,803177,136194,0,0,t1365
poly_simp,34571015,24233997,10337018,0,0,t1366
poly_simp_rel,1504317,662154,842163,0,0,t1367
trans,461274,262157,199117,0,0,t1368
symm,358013,180685,177328,0,0,t1369
equiv_pos2,714953,472051,242902,0,0,t1370
poly_simp,26179727,18324668,7855059,0,0,t1371
poly_simp,3279369,2651300,628069,0,0,t1372
poly_simp,2711828,2038961,672867,0,0,t1373
refl,262286,226361,35925,0,0,t1374
refl,197273,167017,30256,0,0,t1375
refl,184682,156108,28574,0,0,t1376
refl,188567,158954,29613,0,0,t1377
refl,183974,153382,30592,0,0,t1378
refl,170966,143198,27768,0,0,t1379
refl,189494,161805,27689,0,0,t1380
refl,176809,148541,28268,0,0,t1381
refl,166362,140629,25733,0,0,t1382
refl,165678,139263,26415,0,0,t1383
refl,164492,140483,24009,0,0,t1384
refl,179468,151612,27856,0,0,t1385
refl,174256,146876,27380,0,0,t1386
refl,175278,147457,27821,0,0,t1387
refl,180281,152423,27858,0,0,t1388
refl,168109,140373,27736,0,0,t1389
refl,180036,145415,34621,0,0,t1390
refl,170283,144439,25844,0,0,t1391
refl,164466,139669,24797,0,0,t1392
refl,185339,157401,27938,0,0,t1393
refl,170979,144615,26364,0,0,t1394
refl,162191,137878,24313,0,0,t1395
refl,170074,143202,26872,0,0,t1396
refl,171070,144835,26235,0,0,t1397
refl,168746,141396,27350,0,0,t1398
refl,159439,135654,23785,0,0,t1399
refl,163040,136799,26241,0,0,t1400
refl,163541,136205,27336,0,0,t1401
refl,161071,134861,26210,0,0,t1402
refl,170005,145115,24890,0,0,t1403
cong,1514881,908444,606437,0,0,t1404
poly_simp,26711599,18929838,7781761,0,0,t1405
trans,644685,474266,170419,0,0,t1406
trans,406609,261516,145093,0,0,t1407
cong,626608,458118,168490,0,0,t1408
poly_simp,25067076,18412106,6654970,0,0,t1409
poly_simp_rel,1482176,624196,857980,0,0,t1410
trans,403992,255412,148580,0,0,t1411
equiv_pos2,610697,550049,60648,0,0,t1412
poly_simp,4241125,3141852,1099273,0,0,t1413
poly_simp_rel,530775,283026,247749,0,0,t1414
equiv_pos2,367220,309307,57913,0,0,t1415
poly_simp,2722037,1927282,794755,0,0,t1416
poly_simp,2475371,1910423,564948,0,0,t1417
refl,230164,220571,9593,0,0,t1418
cong,470686,386811,83875,0,0,t1419
poly_simp,3258612,2280660,977952,0,0,t1420
trans,292848,233459,59389,0,0,t1421
trans,242005,187346,54659,0,0,t1422
cong,337259,260857,76402,0,0,t1423
resolution,1578286,292412,1285874,0,0,t1424
resolution,1476186,247858,1228328,0,0,t1425
cong,432206,360146,72060,0,0,t1426
refl,215430,175644,39786,0,0,t1427
cong,1121555,689564,431991,0,0,t1428
cong,484213,328080,156133,0,0,t1429
poly_simp,3237244,2405328,831916,0,0,t1430
cong,1184763,747034,437729,0,0,t1431
poly_simp,23706845,17488234,6218611,0,0,t1432
trans,578002,429046,148956,0,0,t1433
cong,582405,434665,147740,0,0,t1434
trans,353193,229529,123664,0,0,t1435
rare_rewrite:arith-eq-elim-real,1156975,1031296,125679,0,0,t1436
semilattice_simp,5712155,5142319,569836,0,0,t1437
trans,394654,254424,140230,0,0,t1438
rare_rewrite:arith-elim-leq,842384,725297,117087,0,0,t1439
poly_simp,37354572,26359144,10995428,0,0,t1440
poly_simp_rel,2059801,691186,1368615,0,0,t1441
trans,513702,281593,232109,0,0,t1442
poly_simp,36055084,25563350,10491734,0,0,t1443
poly_simp_rel,1541611,602409,939202,0,0,t1444
cong,649775,392566,257209,0,0,t1445
trans,512976,252303,260673,0,0,t1446
resolution,1853281,342229,1511052,0,0,t1447
and,1218132,643051,575081,0,0,t1448
resolution,1738169,295937,1442232,0,0,t1449
and_intro,335263,195771,139492,0,0,t1450
resolution,1208545,263757,944788,0,0,t1451
la_mult_pos,482614,425750,56864,0,0,t1452
implies,239612,194313,45299,0,0,t1453
rare_rewrite:bool-eq-true,839438,811812,27626,0,0,t1454
equiv1,232397,203212,29185,0,0,t1455
evaluate,2068998,1860803,208195,0,0,t1456
resolution,1060778,237112,823666,0,0,t1457
and_intro,205324,166389,38935,0,0,t1458
resolution,1047909,206713,841196,0,0,t1459
la_mult_neg,445985,387693,58292,0,0,t1460
implies,244670,197463,47207,0,0,t1461
rare_rewrite:bool-eq-true,715883,685033,30850,0,0,t1462
equiv1,230351,197133,33218,0,0,t1463
evaluate,1995772,1718126,277646,0,0,t1464
resolution,1165505,271936,893569,0,0,t1465
and_intro,196118,159067,37051,0,0,t1466
resolution,1044281,230709,813572,0,0,t1467
la_mult_pos,621321,457740,163581,0,0,t1468
implies,349800,225136,124664,0,0,t1469
rare_rewrite:bool-eq-true,702005,673759,28246,0,0,t1470
equiv1,226311,194549,31762,0,0,t1471
evaluate,1912066,1650849,261217,0,0,t1472
resolution,1090155,241782,848373,0,0,t1473
equiv_pos2,2139899,1922827,217072,0,0,t1474
rare_rewrite:arith-elim-leq,941417,807343,134074,0,0,t1475
poly_simp,35879593,23943267,11936326,0,0,t1476
poly_simp_rel,1544320,675364,868956,0,0,t1477
trans,448249,264238,184011,0,0,t1478
symm,350958,174112,176846,0,0,t1479
equiv_pos2,743878,477687,266191,0,0,t1480
poly_simp,26091787,18572149,7519638,0,0,t1481
poly_simp,3083556,2463791,619765,0,0,t1482
poly_simp,2569425,2053377,516048,0,0,t1483
refl,255689,220859,34830,0,0,t1484
refl,203568,169056,34512,0,0,t1485
refl,191133,163072,28061,0,0,t1486
refl,194960,163270,31690,0,0,t1487
refl,169683,143049,26634,0,0,t1488
refl,171035,144220,26815,0,0,t1489
refl,163162,138139,25023,0,0,t1490
refl,165283,140050,25233,0,0,t1491
refl,176266,151637,24629,0,0,t1492
refl,168412,144690,23722,0,0,t1493
refl,169197,144387,24810,0,0,t1494
refl,167129,141837,25292,0,0,t1495
refl,181429,151935,29494,0,0,t1496
refl,222289,192241,30048,0,0,t1497
refl,182606,157308,25298,0,0,t1498
refl,175723,145492,30231,0,0,t1499
refl,180400,149697,30703,0,0,t1500
refl,175109,148042,27067,0,0,t1501
refl,162811,139703,23108,0,0,t1502
refl,188326,162873,25453,0,0,t1503
refl,162105,136354,25751,0,0,t1504
refl,167291,143354,23937,0,0,t1505
refl,166340,142459,23881,0,0,t1506
refl,166495,140490,26005,0,0,t1507
refl,162896,136756,26140,0,0,t1508
refl,167856,142684,25172,0,0,t1509
refl,170978,146899,24079,0,0,t1510
refl,173444,146765,26679,0,0,t1511
refl,191925,159639,32286,0,0,t1512
refl,173233,147542,25691,0,0,t1513
cong,1305835,813115,492720,0,0,t1514
poly_simp,26446478,18400431,8046047,0,0,t1515
trans,547236,390599,156637,0,0,t1516
trans,387428,242379,145049,0,0,t1517
cong,608800,437902,170898,0,0,t1518
poly_simp,24041103,17771020,6270083,0,0,t1519
poly_simp_rel,1778711,773079,1005632,0,0,t1520
trans,436577,248920,187657,0,0,t1521
equiv_pos2,666876,585219,81657,0,0,t1522
poly_simp,4440283,3320823,1119460,0,0,t1523
poly_simp_rel,567185,324025,243160,0,0,t1524
equiv_pos2,371455,307252,64203,0,0,t1525
poly_simp,2715644,1986004,729640,0,0,t1526
poly_simp,2474073,1870562,603511,0,0,t1527
refl,222788,212701,10087,0,0,t1528
cong,463280,382459,80821,0,0,t1529
poly_simp,3262942,2264826,998116,0,0,t1530
trans,338884,270312,68572,0,0,t1531
trans,253548,202088,51460,0,0,t1532
cong,325177,250662,74515,0,0,t1533
resolution,1738950,307906,1431044,0,0,t1534
resolution,1523879,245003,1278876,0,0,t1535
cong,1804113,1713560,90553,0,0,t1536
refl,227557,189554,38003,0,0,t1537
cong,1134288,694844,439444,0,0,t1538
cong,502267,349151,153116,0,0,t1539
poly_simp,3251453,2431755,819698,0,0,t1540
cong,1162016,724363,437653,0,0,t1541
poly_simp,23642095,17408596,6233499,0,0,t1542
trans,526316,379158,147158,0,0,t1543
cong,601423,445930,155493,0,0,t1544
trans,375784,237938,137846,0,0,t1545
rare_rewrite:arith-eq-elim-real,1170550,1045977,124573,0,0,t1546
semilattice_simp,5551668,4985731,565937,0,0,t1547
trans,394287,253364,140923,0,0,t1548
rare_rewrite:arith-elim-leq,887206,757613,129593,0,0,t1549
poly_simp,40647171,28870555,11776616,0,0,t1550
poly_simp_rel,1822485,632156,1190329,0,0,t1551
trans,478275,273858,204417,0,0,t1552
poly_simp,39851201,28930187,10921014,0,0,t1553
poly_simp_rel,1602485,612007,990478,0,0,t1554
cong,685795,393762,292033,0,0,t1555
trans,545437,254174,291263,0,0,t1556
resolution,1920225,359597,1560628,0,0,t1557
and,1215632,629735,585897,0,0,t1558
resolution,1768988,319490,1449498,0,0,t1559
and_intro,322492,189341,133151,0,0,t1560
resolution,1179605,248661,930944,0,0,t1561
la_mult_pos,478142,411803,66339,0,0,t1562
implies,246768,196995,49773,0,0,t1563
rare_rewrite:bool-eq-true,870870,840590,30280,0,0,t1564
equiv1,227577,196131,31446,0,0,t1565
evaluate,2337019,1901644,435375,0,0,t1566
resolution,1071537,257694,813843,0,0,t1567
and_intro,214254,173476,40778,0,0,t1568
resolution,1000397,207457,792940,0,0,t1569
la_mult_neg,454932,398016,56916,0,0,t1570
implies,259045,209283,49762,0,0,t1571
rare_rewrite:bool-eq-true,742545,712599,29946,0,0,t1572
equiv1,221991,190588,31403,0,0,t1573
evaluate,1987321,1706477,280844,0,0,t1574
resolution,1141545,257274,884271,0,0,t1575
and_intro,212353,173419,38934,0,0,t1576
resolution,1012206,210096,802110,0,0,t1577
la_mult_pos,609873,447981,161892,0,0,t1578
implies,370413,234080,136333,0,0,t1579
rare_rewrite:bool-eq-true,734464,704588,29876,0,0,t1580
equiv1,223600,193704,29896,0,0,t1581
evaluate,2234667,1833708,400959,0,0,t1582
resolution,1239154,358026,881128,0,0,t1583
equiv_pos2,2286196,2054508,231688,0,0,t1584
rare_rewrite:arith-elim-leq,1147248,1008622,138626,0,0,t1585
poly_simp,35748520,25306067,10442453,0,0,t1586
poly_simp_rel,1501467,687988,813479,0,0,t1587
trans,465324,267083,198241,0,0,t1588
symm,363476,177823,185653,0,0,t1589
equiv_pos2,778340,506500,271840,0,0,t1590
poly_simp,26751584,18831507,7920077,0,0,t1591
poly_simp,3102259,2457392,644867,0,0,t1592
poly_simp,2626734,2005461,621273,0,0,t1593
refl,255124,218048,37076,0,0,t1594
refl,195717,165379,30338,0,0,t1595
refl,195380,164295,31085,0,0,t1596
refl,194770,165817,28953,0,0,t1597
refl,176249,150494,25755,0,0,t1598
refl,182552,154085,28467,0,0,t1599
refl,179317,152211,27106,0,0,t1600
refl,192456,163873,28583,0,0,t1601
refl,177154,149519,27635,0,0,t1602
refl,166564,141298,25266,0,0,t1603
refl,174067,149953,24114,0,0,t1604
refl,174748,148304,26444,0,0,t1605
refl,166246,142341,23905,0,0,t1606
refl,173334,145760,27574,0,0,t1607
refl,167692,141871,25821,0,0,t1608
refl,173843,149117,24726,0,0,t1609
refl,188336,161098,27238,0,0,t1610
refl,167006,140670,26336,0,0,t1611
refl,175213,148416,26797,0,0,t1612
refl,176421,150736,25685,0,0,t1613
refl,178366,150571,27795,0,0,t1614
refl,193325,163150,30175,0,0,t1615
refl,171152,144193,26959,0,0,t1616
refl,170964,145798,25166,0,0,t1617
refl,170752,145450,25302,0,0,t1618
refl,174440,148545,25895,0,0,t1619
refl,169748,144314,25434,0,0,t1620
refl,175974,150364,25610,0,0,t1621
refl,173226,148012,25214,0,0,t1622
refl,180211,154475,25736,0,0,t1623
cong,1305388,828603,476785,0,0,t1624
poly_simp,27672222,19549838,8122384,0,0,t1625
trans,631282,470740,160542,0,0,t1626
trans,392079,250314,141765,0,0,t1627
cong,602200,436767,165433,0,0,t1628
poly_simp,24736027,18253932,6482095,0,0,t1629
poly_simp_rel,1501422,618874,882548,0,0,t1630
trans,398710,255691,143019,0,0,t1631
equiv_pos2,629664,562754,66910,0,0,t1632
poly_simp,4284846,3098173,1186673,0,0,t1633
poly_simp_rel,563928,319177,244751,0,0,t1634
equiv_pos2,382245,320557,61688,0,0,t1635
poly_simp,2656623,1920081,736542,0,0,t1636
poly_simp,2726553,2090719,635834,0,0,t1637
refl,275455,265581,9874,0,0,t1638
cong,526794,445226,81568,0,0,t1639
poly_simp,3478586,2395125,1083461,0,0,t1640
trans,300945,242169,58776,0,0,t1641
trans,269232,218118,51114,0,0,t1642
cong,323796,248103,75693,0,0,t1643
resolution,1699746,309707,1390039,0,0,t1644
resolution,1675128,264079,1411049,0,0,t1645
cong,444251,371284,72967,0,0,t1646
refl,210644,175679,34965,0,0,t1647
cong,1165263,722772,442491,0,0,t1648
cong,523801,363749,160052,0,0,t1649
poly_simp,3558841,2553673,1005168,0,0,t1650
cong,1189905,745932,443973,0,0,t1651
poly_simp,24351046,17707589,6643457,0,0,t1652
trans,537709,385668,152041,0,0,t1653
cong,597060,431063,165997,0,0,t1654
trans,372009,242343,129666,0,0,t1655
rare_rewrite:arith-eq-elim-real,1138521,1009220,129301,0,0,t1656
semilattice_simp,5780564,5153323,627241,0,0,t1657
trans,397345,248447,148898,0,0,t1658
rare_rewrite:arith-elim-leq,904238,774317,129921,0,0,t1659
poly_simp,40286244,29087783,11198461,0,0,t1660
poly_simp_rel,1773595,614367,1159228,0,0,t1661
trans,490954,271899,219055,0,0,t1662
poly_simp,41147312,29846510,11300802,0,0,t1663
poly_simp_rel,1559984,630882,929102,0,0,t1664
cong,644999,368852,276147,0,0,t1665
trans,522313,247323,274990,0,0,t1666
resolution,1954015,362689,1591326,0,0,t1667
and,1271323,664279,607044,0,0,t1668
resolution,1769783,324705,1445078,0,0,t1669
and_intro,330232,191271,138961,0,0,t1670
resolution,1229944,255014,974930,0,0,t1671
la_mult_neg,497942,431999,65943,0,0,t1672
implies,272240,216523,55717,0,0,t1673
rare_rewrite:bool-eq-true,860603,830637,29966,0,0,t1674
equiv1,225857,194974,30883,0,0,t1675
evaluate,2229540,1933810,295730,0,0,t1676
resolution,1074004,255770,818234,0,0,t1677
and_intro,211750,163816,47934,0,0,t1678
resolution,1048940,213036,835904,0,0,t1679
la_mult_pos,474889,418083,56806,0,0,t1680
implies,228859,187221,41638,0,0,t1681
rare_rewrite:bool-eq-true,776355,743672,32683,0,0,t1682
equiv1,236283,206031,30252,0,0,t1683
evaluate,1981822,1664378,317444,0,0,t1684
resolution,1133035,246856,886179,0,0,t1685
and_intro,217055,179503,37552,0,0,t1686
resolution,1124982,227161,897821,0,0,t1687
la_mult_pos,603444,440053,163391,0,0,t1688
implies,365490,234291,131199,0,0,t1689
rare_rewrite:bool-eq-true,753249,723597,29652,0,0,t1690
equiv1,222561,194286,28275,0,0,t1691
evaluate,1963613,1659140,304473,0,0,t1692
resolution,1098740,260592,838148,0,0,t1693
equiv_pos2,2149433,1919124,230309,0,0,t1694
rare_rewrite:arith-elim-leq,963324,812190,151134,0,0,t1695
poly_simp,35787222,25266796,10520426,0,0,t1696
poly_simp_rel,1468279,635650,832629,0,0,t1697
trans,482512,285064,197448,0,0,t1698
symm,360653,179173,181480,0,0,t1699
equiv_pos2,748069,487517,260552,0,0,t1700
poly_simp,26388874,18535151,7853723,0,0,t1701
poly_simp,3485583,2806315,679268,0,0,t1702
poly_simp,3201161,2239053,962108,0,0,t1703
refl,264852,231887,32965,0,0,t1704
refl,221217,191325,29892,0,0,t1705
refl,191806,164913,26893,0,0,t1706
refl,177231,148321,28910,0,0,t1707
refl,171912,143313,28599,0,0,t1708
refl,178919,152343,26576,0,0,t1709
refl,183844,159558,24286,0,0,t1710
refl,179361,151527,27834,0,0,t1711
refl,178881,152932,25949,0,0,t1712
refl,171689,146764,24925,0,0,t1713
refl,172836,146716,26120,0,0,t1714
refl,168447,142271,26176,0,0,t1715
refl,170155,145924,24231,0,0,t1716
refl,170399,143249,27150,0,0,t1717
refl,174519,147597,26922,0,0,t1718
refl,176956,150726,26230,0,0,t1719
refl,178637,148832,29805,0,0,t1720
refl,172596,145808,26788,0,0,t1721
refl,172020,143502,28518,0,0,t1722
refl,174361,147966,26395,0,0,t1723
refl,175017,147355,27662,0,0,t1724
refl,172422,145246,27176,0,0,t1725
refl,189553,163264,26289,0,0,t1726
refl,164275,139871,24404,0,0,t1727
refl,171290,145606,25684,0,0,t1728
refl,167876,143977,23899,0,0,t1729
refl,172487,147626,24861,0,0,t1730
refl,164744,141073,23671,0,0,t1731
refl,174178,148908,25270,0,0,t1732
refl,169283,142077,27206,0,0,t1733
cong,1340267,832723,507544,0,0,t1734
poly_simp,27347598,19607452,7740146,0,0,t1735
trans,581937,418619,163318,0,0,t1736
trans,377304,244020,133284,0,0,t1737
cong,607678,447377,160301,0,0,t1738
equiv_pos2,645769,575762,70007,0,0,t1739
poly_simp,4345720,3108249,1237471,0,0,t1740
poly_simp_rel,576410,318664,257746,0,0,t1741
equiv_pos2,390667,327142,63525,0,0,t1742
poly_simp,2699218,1941276,757942,0,0,t1743
poly_simp,2575604,1915645,659959,0,0,t1744
refl,219529,209669,9860,0,0,t1745
cong,466136,386727,79409,0,0,t1746
poly_simp,3325259,2306609,1018650,0,0,t1747
trans,303756,244388,59368,0,0,t1748
trans,251683,200095,51588,0,0,t1749
cong,352863,271483,81380,0,0,t1750
resolution,1690160,308562,1381598,0,0,t1751
resolution,1600866,265606,1335260,0,0,t1752
cong,432727,356733,75994,0,0,t1753
refl,215192,179616,35576,0,0,t1754
cong,1137164,710834,426330,0,0,t1755
cong,487507,335147,152360,0,0,t1756
poly_simp,3420258,2530510,889748,0,0,t1757
cong,1232891,778414,454477,0,0,t1758
poly_simp,24069637,17505374,6564263,0,0,t1759
trans,503115,370996,132119,0,0,t1760
cong,601842,446530,155312,0,0,t1761
trans,361743,230651,131092,0,0,t1762
rare_rewrite:arith-eq-elim-real,1151592,1019207,132385,0,0,t1763
semilattice_simp,5566213,4979891,586322,0,0,t1764
trans,405355,268331,137024,0,0,t1765
rare_rewrite:arith-elim-leq,880521,749181,131340,0,0,t1766
poly_simp,39910830,28808732,11102098,0,0,t1767
poly_simp_rel,1857657,651680,1205977,0,0,t1768
trans,483453,279843,203610,0,0,t1769
poly_simp,39829445,28890156,10939289,0,0,t1770
poly_simp_rel,1645894,633702,1012192,0,0,t1771
cong,678990,397222,281768,0,0,t1772
trans,519367,248313,271054,0,0,t1773
resolution,1921492,363072,1558420,0,0,t1774
and,1261000,665189,595811,0,0,t1775
resolution,1839647,357207,1482440,0,0,t1776
and_intro,341091,199506,141585,0,0,t1777
resolution,1226594,260274,966320,0,0,t1778
la_mult_neg,511987,442338,69649,0,0,t1779
implies,250687,198170,52517,0,0,t1780
rare_rewrite:bool-eq-true,893909,864172,29737,0,0,t1781
equiv1,216858,186630,30228,0,0,t1782
evaluate,2138717,1912596,226121,0,0,t1783
resolution,1147750,238871,908879,0,0,t1784
and_intro,220911,179706,41205,0,0,t1785
resolution,1091479,236776,854703,0,0,t1786
la_mult_pos,480957,396936,84021,0,0,t1787
implies,241854,196645,45209,0,0,t1788
rare_rewrite:bool-eq-true,759410,731153,28257,0,0,t1789
equiv1,216978,188395,28583,0,0,t1790
evaluate,1994166,1687150,307016,0,0,t1791
resolution,1163088,262321,900767,0,0,t1792
and_intro,199228,163578,35650,0,0,t1793
resolution,1054286,215436,838850,0,0,t1794
la_mult_pos,636021,459777,176244,0,0,t1795
implies,376552,232126,144426,0,0,t1796
rare_rewrite:bool-eq-true,757611,729001,28610,0,0,t1797
equiv1,238610,207584,31026,0,0,t1798
evaluate,1886574,1658704,227870,0,0,t1799
resolution,1123512,254495,869017,0,0,t1800
equiv_pos2,1987327,1753081,234246,0,0,t1801
rare_rewrite:arith-elim-leq,961147,807909,153238,0,0,t1802
poly_simp,36637887,26043010,10594877,0,0,t1803
poly_simp_rel,1472350,653365,818985,0,0,t1804
trans,481811,271448,210363,0,0,t1805
symm,414379,233006,181373,0,0,t1806
equiv_pos2,785289,497327,287962,0,0,t1807
poly_simp,27342521,19188368,8154153,0,0,t1808
poly_simp,3251157,2579597,671560,0,0,t1809
poly_simp,2514976,1990392,524584,0,0,t1810
refl,274147,234234,39913,0,0,t1811
refl,196764,167412,29352,0,0,t1812
refl,191299,159175,32124,0,0,t1813
refl,187171,155610,31561,0,0,t1814
refl,187414,160072,27342,0,0,t1815
refl,184590,157145,27445,0,0,t1816
refl,185088,158263,26825,0,0,t1817
refl,191497,164217,27280,0,0,t1818
refl,179469,151582,27887,0,0,t1819
refl,176367,149855,26512,0,0,t1820
refl,181208,153157,28051,0,0,t1821
refl,184356,157964,26392,0,0,t1822
refl,179340,151568,27772,0,0,t1823
refl,171943,145224,26719,0,0,t1824
refl,187708,160717,26991,0,0,t1825
refl,179727,151844,27883,0,0,t1826
refl,174169,146806,27363,0,0,t1827
refl,197150,158476,38674,0,0,t1828
refl,183356,157615,25741,0,0,t1829
refl,178644,152760,25884,0,0,t1830
refl,171992,146125,25867,0,0,t1831
refl,176376,148027,28349,0,0,t1832
refl,177358,150319,27039,0,0,t1833
refl,184593,155845,28748,0,0,t1834
refl,196279,170880,25399,0,0,t1835
refl,172042,147283,24759,0,0,t1836
refl,170564,146428,24136,0,0,t1837
refl,183629,158166,25463,0,0,t1838
refl,170751,144950,25801,0,0,t1839
refl,186729,159076,27653,0,0,t1840
cong,1513930,989352,524578,0,0,t1841
poly_simp,27062156,19147317,7914839,0,0,t1842
trans,588934,414063,174871,0,0,t1843
trans,402704,258891,143813,0,0,t1844
cong,614205,445698,168507,0,0,t1845
equiv_pos2,658688,591922,66766,0,0,t1846
poly_simp,4170861,3067162,1103699,0,0,t1847
poly_simp_rel,609767,338784,270983,0,0,t1848
equiv_pos2,389082,324310,64772,0,0,t1849
poly_simp,2936906,1965112,971794,0,0,t1850
poly_simp,3161175,2370464,790711,0,0,t1851
refl,293142,281438,11704,0,0,t1852
cong,538274,457142,81132,0,0,t1853
poly_simp,3367974,2400937,967037,0,0,t1854
trans,307654,249530,58124,0,0,t1855
trans,277882,221880,56002,0,0,t1856
cong,352837,275026,77811,0,0,t1857
resolution,1724425,325852,1398573,0,0,t1858
resolution,1685924,281018,1404906,0,0,t1859
cong,476635,399893,76742,0,0,t1860
refl,211767,176877,34890,0,0,t1861
cong,1214480,723052,491428,0,0,t1862
cong,562645,364013,198632,0,0,t1863
poly_simp,3618770,2624122,994648,0,0,t1864
cong,1179424,747887,431537,0,0,t1865
poly_simp,24337181,17878247,6458934,0,0,t1866
trans,566545,411528,155017,0,0,t1867
cong,612271,449964,162307,0,0,t1868
trans,393235,254652,138583,0,0,t1869
rare_rewrite:arith-eq-elim-real,1142100,1007987,134113,0,0,t1870
semilattice_simp,5552432,4956441,595991,0,0,t1871
trans,385350,244367,140983,0,0,t1872
rare_rewrite:arith-elim-leq,914547,778290,136257,0,0,t1873
poly_simp,39607657,28463267,11144390,0,0,t1874
poly_simp_rel,1769108,635897,1133211,0,0,t1875
trans,487052,266374,220678,0,0,t1876
poly_simp,41460330,29747329,11713001,0,0,t1877
poly_simp_rel,1616669,658284,958385,0,0,t1878
cong,701177,389206,311971,0,0,t1879
trans,545809,253831,291978,0,0,t1880
resolution,1993188,390450,1602738,0,0,t1881
and,1314880,682350,632530,0,0,t1882
resolution,1825215,309299,1515916,0,0,t1883
and_intro,335052,193707,141345,0,0,t1884
resolution,1222047,254916,967131,0,0,t1885
la_mult_pos,505009,443595,61414,0,0,t1886
implies,262360,209336,53024,0,0,t1887
rare_rewrite:bool-eq-true,872299,842897,29402,0,0,t1888
equiv1,240261,207809,32452,0,0,t1889
evaluate,2162025,1879999,282026,0,0,t1890
resolution,1148946,250829,898117,0,0,t1891
and_intro,210527,167144,43383,0,0,t1892
resolution,1090336,241477,848859,0,0,t1893
la_mult_neg,458956,400051,58905,0,0,t1894
implies,265668,214349,51319,0,0,t1895
rare_rewrite:bool-eq-true,775723,745822,29901,0,0,t1896
equiv1,219850,188761,31089,0,0,t1897
evaluate,1961942,1760191,201751,0,0,t1898
resolution,1145705,256870,888835,0,0,t1899
and_intro,231492,190738,40754,0,0,t1900
resolution,1125304,236787,888517,0,0,t1901
la_mult_pos,649296,493150,156146,0,0,t1902
implies,377845,239435,138410,0,0,t1903
rare_rewrite:bool-eq-true,796830,769229,27601,0,0,t1904
equiv1,242760,210479,32281,0,0,t1905
evaluate,1925932,1727845,198087,0,0,t1906
resolution,1212817,252265,960552,0,0,t1907
equiv_pos2,2285457,2058115,227342,0,0,t1908
rare_rewrite:arith-elim-leq,1010494,871649,138845,0,0,t1909
poly_simp,35700636,24883754,10816882,0,0,t1910
poly_simp_rel,1485249,638825,846424,0,0,t1911
trans,498918,289516,209402,0,0,t1912
symm,407794,209227,198567,0,0,t1913
equiv_pos2,803908,497380,306528,0,0,t1914
poly_simp,27532017,19431029,8100988,0,0,t1915
poly_simp,3823217,2868234,954983,0,0,t1916
poly_simp,2683223,2142241,540982,0,0,t1917
refl,263804,230634,33170,0,0,t1918
refl,206425,174864,31561,0,0,t1919
refl,200703,169581,31122,0,0,t1920
refl,199841,171866,27975,0,0,t1921
refl,197675,166529,31146,0,0,t1922
refl,190873,162776,28097,0,0,t1923
refl,187490,159694,27796,0,0,t1924
refl,181780,155196,26584,0,0,t1925
refl,175701,148950,26751,0,0,t1926
refl,175320,150271,25049,0,0,t1927
refl,187500,160516,26984,0,0,t1928
refl,176807,151409,25398,0,0,t1929
refl,178805,150328,28477,0,0,t1930
refl,185679,161106,24573,0,0,t1931
refl,187340,162306,25034,0,0,t1932
refl,180060,154937,25123,0,0,t1933
refl,172339,147120,25219,0,0,t1934
refl,177246,148041,29205,0,0,t1935
refl,182835,154327,28508,0,0,t1936
refl,178202,150962,27240,0,0,t1937
refl,184177,155763,28414,0,0,t1938
refl,179255,155105,24150,0,0,t1939
refl,173505,147491,26014,0,0,t1940
refl,182295,151920,30375,0,0,t1941
refl,173949,148289,25660,0,0,t1942
refl,188883,161565,27318,0,0,t1943
refl,198715,167701,31014,0,0,t1944
refl,181071,152880,28191,0,0,t1945
refl,175618,147893,27725,0,0,t1946
refl,176435,150799,25636,0,0,t1947
cong,1602400,1034042,568358,0,0,t1948
poly_simp,27719109,19709920,8009189,0,0,t1949
trans,571645,414278,157367,0,0,t1950
trans,381004,249310,131694,0,0,t1951
cong,628196,460729,167467,0,0,t1952
poly_simp,25803275,19067499,6735776,0,0,t1953
poly_simp_rel,1646985,705508,941477,0,0,t1954
trans,428264,266828,161436,0,0,t1955
equiv_pos2,620625,559993,60632,0,0,t1956
poly_simp,4415995,3181986,1234009,0,0,t1957
poly_simp_rel,567391,303988,263403,0,0,t1958
equiv_pos2,386816,323611,63205,0,0,t1959
poly_simp,2744565,2062721,681844,0,0,t1960
poly_simp,2549298,1962164,587134,0,0,t1961
refl,243067,232702,10365,0,0,t1962
cong,488116,406593,81523,0,0,t1963
poly_simp,3139595,2301499,838096,0,0,t1964
trans,310274,248928,61346,0,0,t1965
trans,257685,205064,52621,0,0,t1966
cong,330520,256169,74351,0,0,t1967
resolution,1708121,325303,1382818,0,0,t1968
resolution,1678311,284967,1393344,0,0,t1969
cong,444665,369820,74845,0,0,t1970
refl,212855,176168,36687,0,0,t1971
cong,1181540,709931,471609,0,0,t1972
cong,534143,351691,182452,0,0,t1973
poly_simp,3428081,2515230,912851,0,0,t1974
cong,1215532,770971,444561,0,0,t1975
poly_simp,25280270,18447847,6832423,0,0,t1976
trans,589204,435123,154081,0,0,t1977
cong,657833,468057,189776,0,0,t1978
trans,386256,256024,130232,0,0,t1979
rare_rewrite:arith-eq-elim-real,1183239,1042321,140918,0,0,t1980
semilattice_simp,5699766,5111010,588756,0,0,t1981
trans,393326,248349,144977,0,0,t1982
rare_rewrite:arith-elim-leq,938777,799444,139333,0,0,t1983
poly_simp,40384725,28662164,11722561,0,0,t1984
poly_simp_rel,1861921,668558,1193363,0,0,t1985
trans,504126,289414,214712,0,0,t1986
poly_simp,40325785,28320486,12005299,0,0,t1987
poly_simp_rel,1680526,705869,974657,0,0,t1988
cong,704691,400247,304444,0,0,t1989
trans,544223,244415,299808,0,0,t1990
resolution,2058507,373878,1684629,0,0,t1991
and,1323632,670415,653217,0,0,t1992
resolution,1824643,305894,1518749,0,0,t1993
and_intro,333597,197271,136326,0,0,t1994
resolution,1290820,253045,1037775,0,0,t1995
la_mult_pos,509617,437643,71974,0,0,t1996
implies,272562,217653,54909,0,0,t1997
rare_rewrite:bool-eq-true,895722,863785,31937,0,0,t1998
equiv1,243906,207623,36283,0,0,t1999
evaluate,2277006,1934797,342209,0,0,t2000
resolution,1400657,273818,1126839,0,0,t2001
and_intro,215952,174198,41754,0,0,t2002
resolution,1131844,245613,886231,0,0,t2003
la_mult_neg,493342,426768,66574,0,0,t2004
implies,269012,223562,45450,0,0,t2005
rare_rewrite:bool-eq-true,776961,738674,38287,0,0,t2006
equiv1,225598,193927,31671,0,0,t2007
evaluate,2068383,1822929,245454,0,0,t2008
resolution,1136721,271909,864812,0,0,t2009
and_intro,224408,177131,47277,0,0,t2010
resolution,1047851,230947,816904,0,0,t2011
la_mult_pos,693899,493306,200593,0,0,t2012
implies,396482,254210,142272,0,0,t2013
rare_rewrite:bool-eq-true,785610,755233,30377,0,0,t2014
equiv1,279555,218004,61551,0,0,t2015
evaluate,1974743,1704526,270217,0,0,t2016
resolution,1172920,252301,920619,0,0,t2017
equiv_pos2,2212919,1987219,225700,0,0,t2018
rare_rewrite:arith-elim-leq,985654,846706,138948,0,0,t2019
poly_simp,35874867,24925518,10949349,0,0,t2020
poly_simp_rel,1481680,651061,830619,0,0,t2021
trans,493094,287516,205578,0,0,t2022
symm,400380,187844,212536,0,0,t2023
equiv_pos2,810116,501074,309042,0,0,t2024
poly_simp,27942795,19563579,8379216,0,0,t2025
poly_simp,3448134,2789519,658615,0,0,t2026
poly_simp,2757030,2096269,660761,0,0,t2027
refl,262924,229944,32980,0,0,t2028
refl,210998,177852,33146,0,0,t2029
refl,203174,171336,31838,0,0,t2030
refl,187489,155830,31659,0,0,t2031
refl,204062,175360,28702,0,0,t2032
refl,187026,158254,28772,0,0,t2033
refl,190460,163838,26622,0,0,t2034
refl,183767,157377,26390,0,0,t2035
refl,193939,169312,24627,0,0,t2036
refl,174036,148466,25570,0,0,t2037
refl,184809,157398,27411,0,0,t2038
refl,173171,145909,27262,0,0,t2039
refl,176983,150142,26841,0,0,t2040
refl,189891,162087,27804,0,0,t2041
refl,197131,161232,35899,0,0,t2042
refl,206921,175015,31906,0,0,t2043
refl,193905,165926,27979,0,0,t2044
refl,198898,166320,32578,0,0,t2045
refl,181693,156616,25077,0,0,t2046
refl,223323,195542,27781,0,0,t2047
refl,179429,150232,29197,0,0,t2048
refl,178731,153267,25464,0,0,t2049
refl,176831,150900,25931,0,0,t2050
refl,184123,158187,25936,0,0,t2051
refl,185107,156421,28686,0,0,t2052
refl,175920,151278,24642,0,0,t2053
refl,182963,152987,29976,0,0,t2054
refl,187036,160650,26386,0,0,t2055
refl,178249,150184,28065,0,0,t2056
refl,182027,155790,26237,0,0,t2057
cong,1401343,890007,511336,0,0,t2058
poly_simp,28505020,20007099,8497921,0,0,t2059
trans,583014,425812,157202,0,0,t2060
trans,386248,249467,136781,0,0,t2061
cong,622951,460445,162506,0,0,t2062
poly_simp,26219487,19151925,7067562,0,0,t2063
poly_simp_rel,1693746,707025,986721,0,0,t2064
trans,425692,272362,153330,0,0,t2065
equiv_pos2,621780,560206,61574,0,0,t2066
poly_simp,4265715,3153488,1112227,0,0,t2067
poly_simp_rel,548762,301514,247248,0,0,t2068
equiv_pos2,397685,337033,60652,0,0,t2069
poly_simp,2708772,2032566,676206,0,0,t2070
poly_simp,2508864,1947738,561126,0,0,t2071
refl,250545,240199,10346,0,0,t2072
cong,506794,417127,89667,0,0,t2073
poly_simp,3528543,2494291,1034252,0,0,t2074
trans,384222,318768,65454,0,0,t2075
trans,269102,217552,51550,0,0,t2076
cong,359566,282109,77457,0,0,t2077
resolution,1722447,314580,1407867,0,0,t2078
resolution,1647184,265934,1381250,0,0,t2079
cong,491640,412901,78739,0,0,t2080
refl,222505,185716,36789,0,0,t2081
cong,1168031,724058,443973,0,0,t2082
cong,523503,371179,152324,0,0,t2083
poly_simp,3638322,2717608,920714,0,0,t2084
cong,1251524,798400,453124,0,0,t2085
poly_simp,25941619,19229451,6712168,0,0,t2086
trans,560587,426578,134009,0,0,t2087
cong,648700,490581,158119,0,0,t2088
trans,428703,259947,168756,0,0,t2089
rare_rewrite:arith-eq-elim-real,1204782,1071016,133766,0,0,t2090
semilattice_simp,5920737,5259538,661199,0,0,t2091
trans,439992,288442,151550,0,0,t2092
rare_rewrite:arith-elim-leq,1033202,909714,123488,0,0,t2093
poly_simp,42359442,30713172,11646270,0,0,t2094
poly_simp_rel,2220001,813971,1406030,0,0,t2095
trans,534867,285701,249166,0,0,t2096
poly_simp,41333855,29452560,11881295,0,0,t2097
poly_simp_rel,1644118,659736,984382,0,0,t2098
cong,744803,412411,332392,0,0,t2099
trans,579234,261639,317595,0,0,t2100
resolution,2150478,468346,1682132,0,0,t2101
and,1334449,695499,638950,0,0,t2102
resolution,1942857,330719,1612138,0,0,t2103
and_intro,359649,208376,151273,0,0,t2104
resolution,1285910,270846,1015064,0,0,t2105
la_mult_pos,547523,483912,63611,0,0,t2106
implies,264955,212911,52044,0,0,t2107
rare_rewrite:bool-eq-true,909021,879499,29522,0,0,t2108
equiv1,243589,214231,29358,0,0,t2109
evaluate,2336815,2018883,317932,0,0,t2110
resolution,1160617,281506,879111,0,0,t2111
and_intro,243469,196523,46946,0,0,t2112
resolution,1087613,232566,855047,0,0,t2113
la_mult_neg,471951,416208,55743,0,0,t2114
implies,264246,218311,45935,0,0,t2115
rare_rewrite:bool-eq-true,818263,787965,30298,0,0,t2116
equiv1,238521,205716,32805,0,0,t2117
evaluate,1971223,1830845,140378,0,0,t2118
resolution,1183271,263438,919833,0,0,t2119
and_intro,221145,180524,40621,0,0,t2120
resolution,1122722,233746,888976,0,0,t2121
la_mult_pos,697536,516592,180944,0,0,t2122
implies,373833,240192,133641,0,0,t2123
rare_rewrite:bool-eq-true,846832,817266,29566,0,0,t2124
equiv1,242410,209486,32924,0,0,t2125
evaluate,1931126,1747199,183927,0,0,t2126
resolution,1227446,243252,984194,0,0,t2127
equiv_pos2,2219753,1953468,266285,0,0,t2128
rare_rewrite:arith-elim-leq,1055581,891624,163957,0,0,t2129
poly_simp,36069344,25318962,10750382,0,0,t2130
poly_simp_rel,1533126,669174,863952,0,0,t2131
trans,531386,332247,199139,0,0,t2132
symm,397376,192358,205018,0,0,t2133
equiv_pos2,793694,525024,268670,0,0,t2134
poly_simp,28794977,20342189,8452788,0,0,t2135
poly_simp,3475734,2804510,671224,0,0,t2136
poly_simp,2782642,2179966,602676,0,0,t2137
refl,265412,232194,33218,0,0,t2138
refl,232053,196972,35081,0,0,t2139
refl,201024,169386,31638,0,0,t2140
refl,216105,187736,28369,0,0,t2141
refl,180942,156553,24389,0,0,t2142
refl,186713,155023,31690,0,0,t2143
refl,194224,166805,27419,0,0,t2144
refl,189244,162970,26274,0,0,t2145
refl,184782,158070,26712,0,0,t2146
refl,178359,152608,25751,0,0,t2147
refl,173673,150431,23242,0,0,t2148
refl,185302,158154,27148,0,0,t2149
refl,179087,152949,26138,0,0,t2150
refl,177852,153756,24096,0,0,t2151
refl,191574,164322,27252,0,0,t2152
refl,177818,153109,24709,0,0,t2153
refl,186137,155129,31008,0,0,t2154
refl,195686,161375,34311,0,0,t2155
refl,170495,145033,25462,0,0,t2156
refl,180650,150993,29657,0,0,t2157
refl,196633,168975,27658,0,0,t2158
refl,187920,159613,28307,0,0,t2159
refl,182805,156042,26763,0,0,t2160
refl,179013,152293,26720,0,0,t2161
refl,201830,174345,27485,0,0,t2162
refl,179596,150783,28813,0,0,t2163
refl,179338,151756,27582,0,0,t2164
refl,185440,155161,30279,0,0,t2165
refl,188144,160475,27669,0,0,t2166
refl,178761,152781,25980,0,0,t2167
cong,1699928,1075626,624302,0,0,t2168
poly_simp,29428757,21016604,8412153,0,0,t2169
trans,684393,517285,167108,0,0,t2170
trans,381729,242768,138961,0,0,t2171
cong,633962,472667,161295,0,0,t2172
poly_simp,25949840,19277333,6672507,0,0,t2173
poly_simp_rel,1573046,676501,896545,0,0,t2174
trans,423882,269177,154705,0,0,t2175
equiv_pos2,603847,540485,63362,0,0,t2176
poly_simp,4278378,3126956,1151422,0,0,t2177
poly_simp_rel,569469,326253,243216,0,0,t2178
equiv_pos2,399574,332874,66700,0,0,t2179
poly_simp,2737848,2055301,682547,0,0,t2180
poly_simp,2619477,2037461,582016,0,0,t2181
refl,231894,221480,10414,0,0,t2182
cong,501443,421650,79793,0,0,t2183
poly_simp,3353958,2392536,961422,0,0,t2184
trans,318721,260825,57896,0,0,t2185
trans,263681,209229,54452,0,0,t2186
cong,340160,258357,81803,0,0,t2187
resolution,1785197,332833,1452364,0,0,t2188
resolution,1677504,261930,1415574,0,0,t2189
cong,486363,401036,85327,0,0,t2190
refl,224644,182183,42461,0,0,t2191
cong,1258953,756996,501957,0,0,t2192
cong,498026,349973,148053,0,0,t2193
poly_simp,3412786,2561069,851717,0,0,t2194
cong,1208610,744185,464425,0,0,t2195
poly_simp,25218432,18736582,6481850,0,0,t2196
trans,604914,440939,163975,0,0,t2197
cong,630674,473392,157282,0,0,t2198
trans,404777,247291,157486,0,0,t2199
rare_rewrite:arith-eq-elim-real,1262022,1116380,145642,0,0,t2200
semilattice_simp,5993523,5338585,654938,0,0,t2201
trans,440391,274549,165842,0,0,t2202
rare_rewrite:arith-elim-leq,972476,845721,126755,0,0,t2203
poly_simp,38660191,27714603,10945588,0,0,t2204
poly_simp_rel,2160703,1033119,1127584,0,0,t2205
trans,563335,366309,197026,0,0,t2206
poly_simp,38636371,26532431,12103940,0,0,t2207
poly_simp_rel,1586381,675956,910425,0,0,t2208
cong,682676,420256,262420,0,0,t2209
trans,519277,251563,267714,0,0,t2210
resolution,1858782,372894,1485888,0,0,t2211
and,1239364,665437,573927,0,0,t2212
resolution,1747117,307638,1439479,0,0,t2213
and_intro,397924,204132,193792,0,0,t2214
resolution,1239946,257351,982595,0,0,t2215
la_mult_pos,552352,486469,65883,0,0,t2216
implies,276968,227973,48995,0,0,t2217
rare_rewrite:bool-eq-true,893341,864398,28943,0,0,t2218
equiv1,245886,215507,30379,0,0,t2219
evaluate,2330981,1912827,418154,0,0,t2220
resolution,1255608,323983,931625,0,0,t2221
and_intro,235345,189207,46138,0,0,t2222
resolution,1098483,242916,855567,0,0,t2223
la_mult_neg,484203,427747,56456,0,0,t2224
implies,261719,214711,47008,0,0,t2225
rare_rewrite:bool-eq-true,825139,795087,30052,0,0,t2226
equiv1,230754,199987,30767,0,0,t2227
evaluate,2055923,1791874,264049,0,0,t2228
resolution,1197629,270190,927439,0,0,t2229
and_intro,208823,171432,37391,0,0,t2230
resolution,1147931,238569,909362,0,0,t2231
la_mult_pos,730461,542140,188321,0,0,t2232
implies,404754,250405,154349,0,0,t2233
rare_rewrite:bool-eq-true,950331,920807,29524,0,0,t2234
equiv1,240544,209439,31105,0,0,t2235
evaluate,2296878,1928845,368033,0,0,t2236
resolution,1325466,296723,1028743,0,0,t2237
equiv_pos2,2235100,1954186,280914,0,0,t2238
rare_rewrite:arith-elim-leq,1067053,932894,134159,0,0,t2239
poly_simp,37432779,25545880,11886899,0,0,t2240
poly_simp_rel,1451194,680205,770989,0,0,t2241
trans,479536,287553,191983,0,0,t2242
symm,364254,185559,178695,0,0,t2243
equiv_pos2,746777,506008,240769,0,0,t2244
poly_simp,27460616,19262347,8198269,0,0,t2245
poly_simp,3203665,2630012,573653,0,0,t2246
poly_simp,2682104,2105864,576240,0,0,t2247
refl,273860,240510,33350,0,0,t2248
refl,214032,181537,32495,0,0,t2249
refl,203616,172105,31511,0,0,t2250
refl,199686,169258,30428,0,0,t2251
refl,186855,158842,28013,0,0,t2252
refl,203180,176259,26921,0,0,t2253
refl,188778,163700,25078,0,0,t2254
refl,183931,155947,27984,0,0,t2255
refl,183695,158393,25302,0,0,t2256
refl,189579,166199,23380,0,0,t2257
refl,189591,161747,27844,0,0,t2258
refl,186339,161738,24601,0,0,t2259
refl,194973,159569,35404,0,0,t2260
refl,185316,156078,29238,0,0,t2261
refl,180270,154879,25391,0,0,t2262
refl,191468,164064,27404,0,0,t2263
refl,181348,153590,27758,0,0,t2264
refl,190119,161748,28371,0,0,t2265
refl,190049,161438,28611,0,0,t2266
refl,198076,172497,25579,0,0,t2267
refl,180313,149047,31266,0,0,t2268
refl,195524,168091,27433,0,0,t2269
refl,199966,171932,28034,0,0,t2270
refl,178348,151013,27335,0,0,t2271
refl,193904,164593,29311,0,0,t2272
refl,191775,166342,25433,0,0,t2273
refl,184843,155892,28951,0,0,t2274
refl,184419,155055,29364,0,0,t2275
refl,183588,155290,28298,0,0,t2276
refl,179345,154918,24427,0,0,t2277
cong,1363283,846844,516439,0,0,t2278
poly_simp,29133341,20635804,8497537,0,0,t2279
trans,702787,524186,178601,0,0,t2280
trans,415806,269079,146727,0,0,t2281
cong,640406,470842,169564,0,0,t2282
poly_simp,25592019,18784604,6807415,0,0,t2283
poly_simp_rel,1500105,675760,824345,0,0,t2284
trans,419068,269544,149524,0,0,t2285
equiv_pos2,639664,577481,62183,0,0,t2286
poly_simp,4349098,3164992,1184106,0,0,t2287
poly_simp_rel,573419,316731,256688,0,0,t2288
equiv_pos2,404933,337539,67394,0,0,t2289
poly_simp,2743592,2046283,697309,0,0,t2290
poly_simp,2699655,2042413,657242,0,0,t2291
refl,253269,242504,10765,0,0,t2292
cong,499019,416529,82490,0,0,t2293
poly_simp,3537305,2377887,1159418,0,0,t2294
trans,336765,269158,67607,0,0,t2295
trans,255167,204181,50986,0,0,t2296
cong,353801,276645,77156,0,0,t2297
resolution,1855285,345574,1509711,0,0,t2298
resolution,1616436,273461,1342975,0,0,t2299
cong,486375,410865,75510,0,0,t2300
refl,222380,185047,37333,0,0,t2301
cong,1163313,723952,439361,0,0,t2302
cong,530716,376763,153953,0,0,t2303
poly_simp,3766272,2729644,1036628,0,0,t2304
cong,1208664,784672,423992,0,0,t2305
poly_simp,25307422,18678476,6628946,0,0,t2306
trans,552077,411579,140498,0,0,t2307
cong,609273,459015,150258,0,0,t2308
trans,393504,265133,128371,0,0,t2309
rare_rewrite:arith-eq-elim-real,1189657,1050584,139073,0,0,t2310
semilattice_simp,5815636,5200505,615131,0,0,t2311
trans,392500,255941,136559,0,0,t2312
rare_rewrite:arith-elim-leq,934016,806890,127126,0,0,t2313
poly_simp,37015934,25659796,11356138,0,0,t2314
poly_simp_rel,1767593,670808,1096785,0,0,t2315
trans,463287,286261,177026,0,0,t2316
poly_simp,35133828,24235655,10898173,0,0,t2317
poly_simp_rel,1520226,661143,859083,0,0,t2318
cong,636341,388439,247902,0,0,t2319
trans,501500,249902,251598,0,0,t2320
resolution,1842810,372593,1470217,0,0,t2321
and,1263833,696278,567555,0,0,t2322
resolution,1751496,333989,1417507,0,0,t2323
and_intro,340104,205045,135059,0,0,t2324
resolution,1193984,255896,938088,0,0,t2325
la_mult_pos,511686,442162,69524,0,0,t2326
implies,283993,231712,52281,0,0,t2327
rare_rewrite:bool-eq-true,904406,865455,38951,0,0,t2328
equiv1,242225,207893,34332,0,0,t2329
evaluate,2284810,1974554,310256,0,0,t2330
resolution,1109413,281113,828300,0,0,t2331
and_intro,253160,203159,50001,0,0,t2332
resolution,1072031,243111,828920,0,0,t2333
la_mult_neg,479151,420761,58390,0,0,t2334
implies,257652,211255,46397,0,0,t2335
rare_rewrite:bool-eq-true,812655,777187,35468,0,0,t2336
equiv1,245044,210696,34348,0,0,t2337
evaluate,2077389,1808686,268703,0,0,t2338
resolution,1147077,265889,881188,0,0,t2339
and_intro,220757,181085,39672,0,0,t2340
resolution,1012434,228852,783582,0,0,t2341
la_mult_pos,652695,482167,170528,0,0,t2342
implies,402275,258550,143725,0,0,t2343
rare_rewrite:bool-eq-true,803445,771415,32030,0,0,t2344
equiv1,229366,199240,30126,0,0,t2345
evaluate,1957887,1725680,232207,0,0,t2346
resolution,1164138,284344,879794,0,0,t2347
equiv_pos2,2282468,2042195,240273,0,0,t2348
rare_rewrite:arith-elim-leq,1004347,854063,150284,0,0,t2349
poly_simp,36435613,25316802,11118811,0,0,t2350
poly_simp_rel,1490214,700140,790074,0,0,t2351
trans,478310,274831,203479,0,0,t2352
symm,367366,181034,186332,0,0,t2353
equiv_pos2,767378,498742,268636,0,0,t2354
poly_simp,26383541,18714973,7668568,0,0,t2355
poly_simp,3221204,2645231,575973,0,0,t2356
poly_simp,2645887,2053661,592226,0,0,t2357
refl,264479,228290,36189,0,0,t2358
refl,218934,189245,29689,0,0,t2359
refl,205204,174824,30380,0,0,t2360
refl,206000,175153,30847,0,0,t2361
refl,190227,160653,29574,0,0,t2362
refl,189336,161126,28210,0,0,t2363
refl,202310,173176,29134,0,0,t2364
refl,189820,163256,26564,0,0,t2365
refl,194704,166335,28369,0,0,t2366
refl,181882,156569,25313,0,0,t2367
refl,183201,158278,24923,0,0,t2368
refl,185447,157791,27656,0,0,t2369
refl,195807,168061,27746,0,0,t2370
refl,198708,168261,30447,0,0,t2371
refl,181012,154715,26297,0,0,t2372
refl,185239,158010,27229,0,0,t2373
refl,186725,156899,29826,0,0,t2374
refl,192198,165097,27101,0,0,t2375
refl,186877,160301,26576,0,0,t2376
refl,207866,183553,24313,0,0,t2377
refl,184210,156513,27697,0,0,t2378
refl,180070,154263,25807,0,0,t2379
refl,197638,170840,26798,0,0,t2380
refl,194503,168009,26494,0,0,t2381
refl,195839,167205,28634,0,0,t2382
refl,185099,156960,28139,0,0,t2383
refl,194810,166519,28291,0,0,t2384
refl,180368,154726,25642,0,0,t2385
refl,175240,150311,24929,0,0,t2386
refl,177928,151844,26084,0,0,t2387
cong,1336829,838566,498263,0,0,t2388
poly_simp,26689600,19040323,7649277,0,0,t2389
trans,578693,417073,161620,0,0,t2390
trans,415901,268842,147059,0,0,t2391
cong,608518,445866,162652,0,0,t2392
poly_simp,24568871,17851523,6717348,0,0,t2393
poly_simp_rel,1571538,728612,842926,0,0,t2394
trans,451913,302699,149214,0,0,t2395
equiv_pos2,688273,622879,65394,0,0,t2396
poly_simp,4994436,3516145,1478291,0,0,t2397
poly_simp_rel,758217,473879,284338,0,0,t2398
equiv_pos2,442858,377333,65525,0,0,t2399
poly_simp,3065486,2269085,796401,0,0,t2400
poly_simp,2622119,1980315,641804,0,0,t2401
refl,232383,222342,10041,0,0,t2402
cong,511365,431241,80124,0,0,t2403
poly_simp,3447138,2410558,1036580,0,0,t2404
trans,330275,265957,64318,0,0,t2405
trans,265112,202577,62535,0,0,t2406
cong,356962,279784,77178,0,0,t2407
resolution,1677849,329821,1348028,0,0,t2408
resolution,1565961,297441,1268520,0,0,t2409
cong,472290,397642,74648,0,0,t2410
refl,230303,190827,39476,0,0,t2411
cong,1174443,746530,427913,0,0,t2412
cong,534107,370150,163957,0,0,t2413
poly_simp,3414679,2571013,843666,0,0,t2414
cong,1197695,758956,438739,0,0,t2415
poly_simp,24692993,17850370,6842623,0,0,t2416
trans,589572,457955,131617,0,0,t2417
cong,598542,456756,141786,0,0,t2418
trans,373187,246259,126928,0,0,t2419
rare_rewrite:arith-eq-elim-real,1165984,1039508,126476,0,0,t2420
semilattice_simp,5657941,5097690,560251,0,0,t2421
trans,405293,262042,143251,0,0,t2422
rare_rewrite:arith-elim-leq,961693,828563,133130,0,0,t2423
poly_simp,38822122,28108309,10713813,0,0,t2424
poly_simp_rel,1690985,614893,1076092,0,0,t2425
trans,496333,283637,212696,0,0,t2426
poly_simp,39432609,28604044,10828565,0,0,t2427
poly_simp_rel,1998415,1007888,990527,0,0,t2428
cong,676182,390889,285293,0,0,t2429
trans,551417,269070,282347,0,0,t2430
resolution,1800051,368984,1431067,0,0,t2431
and,1221746,655949,565797,0,0,t2432
resolution,1725787,308786,1417001,0,0,t2433
and_intro,364910,221413,143497,0,0,t2434
resolution,1146190,249160,897030,0,0,t2435
la_mult_pos,477815,417740,60075,0,0,t2436
implies,268160,219915,48245,0,0,t2437
rare_rewrite:bool-eq-true,851780,821721,30059,0,0,t2438
equiv1,243747,210719,33028,0,0,t2439
evaluate,2193999,1887346,306653,0,0,t2440
resolution,1144690,302502,842188,0,0,t2441
and_intro,233930,192819,41111,0,0,t2442
resolution,1046515,234452,812063,0,0,t2443
la_mult_neg,498782,438917,59865,0,0,t2444
implies,268273,218462,49811,0,0,t2445
rare_rewrite:bool-eq-true,810473,779448,31025,0,0,t2446
equiv1,267321,233508,33813,0,0,t2447
evaluate,2023380,1762526,260854,0,0,t2448
resolution,1148352,298039,850313,0,0,t2449
and_intro,223236,182901,40335,0,0,t2450
resolution,1024138,228724,795414,0,0,t2451
la_mult_pos,655258,504198,151060,0,0,t2452
implies,353412,229754,123658,0,0,t2453
rare_rewrite:bool-eq-true,823097,795186,27911,0,0,t2454
equiv1,226965,197490,29475,0,0,t2455
evaluate,1942661,1721052,221609,0,0,t2456
resolution,1134462,279247,855215,0,0,t2457
equiv_pos2,2269669,2042921,226748,0,0,t2458
rare_rewrite:arith-elim-leq,1047422,896460,150962,0,0,t2459
poly_simp,34116507,23361603,10754904,0,0,t2460
poly_simp_rel,1539801,742512,797289,0,0,t2461
trans,463875,291953,171922,0,0,t2462
symm,367530,190379,177151,0,0,t2463
equiv_pos2,777074,509372,267702,0,0,t2464
poly_simp,26915394,19382224,7533170,0,0,t2465
poly_simp,4060263,3441539,618724,0,0,t2466
poly_simp,2768818,2215293,553525,0,0,t2467
refl,339764,300742,39022,0,0,t2468
refl,218217,186923,31294,0,0,t2469
refl,210946,178828,32118,0,0,t2470
refl,205802,178809,26993,0,0,t2471
refl,210700,180555,30145,0,0,t2472
refl,194841,165757,29084,0,0,t2473
refl,180539,154996,25543,0,0,t2474
refl,182359,154510,27849,0,0,t2475
refl,201349,175778,25571,0,0,t2476
refl,200044,174034,26010,0,0,t2477
refl,179803,154079,25724,0,0,t2478
refl,189868,163197,26671,0,0,t2479
refl,190780,164061,26719,0,0,t2480
refl,197467,164600,32867,0,0,t2481
refl,186077,157708,28369,0,0,t2482
refl,178218,151934,26284,0,0,t2483
refl,182784,156322,26462,0,0,t2484
refl,183999,154880,29119,0,0,t2485
refl,185828,159634,26194,0,0,t2486
refl,188933,160987,27946,0,0,t2487
refl,175517,148954,26563,0,0,t2488
refl,181938,155976,25962,0,0,t2489
refl,174348,149945,24403,0,0,t2490
refl,179068,153924,25144,0,0,t2491
refl,190176,159261,30915,0,0,t2492
refl,194329,161357,32972,0,0,t2493
refl,189262,162148,27114,0,0,t2494
refl,247644,221633,26011,0,0,t2495
refl,205266,173702,31564,0,0,t2496
refl,192942,164309,28633,0,0,t2497
cong,1403751,903591,500160,0,0,t2498
poly_simp,27277420,19393871,7883549,0,0,t2499
trans,791341,619925,171416,0,0,t2500
trans,419621,277674,141947,0,0,t2501
cong,750795,588170,162625,0,0,t2502
poly_simp,24405553,17657313,6748240,0,0,t2503
poly_simp_rel,1508838,676866,831972,0,0,t2504
trans,418671,274696,143975,0,0,t2505
equiv_pos2,615903,554529,61374,0,0,t2506
poly_simp,4233336,3147404,1085932,0,0,t2507
poly_simp_rel,552419,312269,240150,0,0,t2508
equiv_pos2,393155,327598,65557,0,0,t2509
poly_simp,2674287,2017020,657267,0,0,t2510
poly_simp,2531641,1984374,547267,0,0,t2511
refl,240582,230376,10206,0,0,t2512
cong,482704,401193,81511,0,0,t2513
poly_simp,3383373,2354719,1028654,0,0,t2514
trans,401038,337882,63156,0,0,t2515
trans,283810,227032,56778,0,0,t2516
cong,379970,303213,76757,0,0,t2517
resolution,1839594,347280,1492314,0,0,t2518
resolution,1600107,341299,1258808,0,0,t2519
cong,582755,506697,76058,0,0,t2520
refl,227426,193457,33969,0,0,t2521
cong,1240212,803493,436719,0,0,t2522
cong,539748,382731,157017,0,0,t2523
poly_simp,3691751,2803056,888695,0,0,t2524
cong,1194908,761402,433506,0,0,t2525
poly_simp,24164977,17858921,6306056,0,0,t2526
trans,532010,381624,150386,0,0,t2527
cong,757963,584151,173812,0,0,t2528
trans,408897,284368,124529,0,0,t2529
rare_rewrite:arith-eq-elim-real,1406505,1280345,126160,0,0,t2530
semilattice_simp,5655858,5044963,610895,0,0,t2531
trans,424317,280696,143621,0,0,t2532
rare_rewrite:arith-elim-leq,936062,802007,134055,0,0,t2533
poly_simp,40905093,29411368,11493725,0,0,t2534
poly_simp_rel,1905343,759675,1145668,0,0,t2535
trans,496384,291104,205280,0,0,t2536
poly_simp,40023193,28403146,11620047,0,0,t2537
poly_simp_rel,1631903,721656,910247,0,0,t2538
cong,690124,397437,292687,0,0,t2539
trans,532717,253269,279448,0,0,t2540
resolution,1846919,376930,1469989,0,0,t2541
and,1267458,663486,603972,0,0,t2542
resolution,1708883,334011,1374872,0,0,t2543
and_intro,345648,214595,131053,0,0,t2544
resolution,1146973,272346,874627,0,0,t2545
la_mult_neg,498097,431717,66380,0,0,t2546
implies,285236,230623,54613,0,0,t2547
rare_rewrite:bool-eq-true,907620,870262,37358,0,0,t2548
equiv1,248512,215382,33130,0,0,t2549
evaluate,2261429,1967721,293708,0,0,t2550
resolution,1148343,273415,874928,0,0,t2551
and_intro,227711,179496,48215,0,0,t2552
resolution,1040142,255474,784668,0,0,t2553
la_mult_pos,467461,411601,55860,0,0,t2554
implies,270849,225121,45728,0,0,t2555
rare_rewrite:bool-eq-true,803038,773853,29185,0,0,t2556
equiv1,250235,215162,35073,0,0,t2557
evaluate,2006429,1750881,255548,0,0,t2558
resolution,1100069,259813,840256,0,0,t2559
and_intro,213757,177747,36010,0,0,t2560
resolution,1066022,232328,833694,0,0,t2561
la_mult_pos,672074,480407,191667,0,0,t2562
implies,401156,260603,140553,0,0,t2563
rare_rewrite:bool-eq-true,837003,806128,30875,0,0,t2564
equiv1,233411,203037,30374,0,0,t2565
evaluate,2085411,1771500,313911,0,0,t2566
resolution,1106687,279295,827392,0,0,t2567
equiv_pos2,2108988,1862577,246411,0,0,t2568
rare_rewrite:arith-elim-leq,1026491,883807,142684,0,0,t2569
poly_simp,34339002,24151822,10187180,0,0,t2570
poly_simp_rel,1328007,565723,762284,0,0,t2571
trans,490556,292229,198327,0,0,t2572
symm,391411,187401,204010,0,0,t2573
equiv_pos2,738977,484094,254883,0,0,t2574
poly_simp,26435099,18299115,8135984,0,0,t2575
poly_simp,3648541,2993082,655459,0,0,t2576
poly_simp,3203379,2455234,748145,0,0,t2577
refl,299272,260803,38469,0,0,t2578
refl,218635,184268,34367,0,0,t2579
refl,211029,180111,30918,0,0,t2580
refl,203260,173528,29732,0,0,t2581
refl,199103,170126,28977,0,0,t2582
refl,183312,157318,25994,0,0,t2583
refl,224868,152037,72831,0,0,t2584
refl,202827,174563,28264,0,0,t2585
refl,185103,159361,25742,0,0,t2586
refl,189022,160451,28571,0,0,t2587
refl,191046,163163,27883,0,0,t2588
refl,207414,178342,29072,0,0,t2589
refl,189395,160281,29114,0,0,t2590
refl,185283,156626,28657,0,0,t2591
refl,186186,160736,25450,0,0,t2592
refl,203764,173763,30001,0,0,t2593
refl,186852,159364,27488,0,0,t2594
refl,181501,154712,26789,0,0,t2595
refl,197332,171202,26130,0,0,t2596
refl,196593,170866,25727,0,0,t2597
refl,187847,157957,29890,0,0,t2598
refl,178357,153297,25060,0,0,t2599
refl,202283,171897,30386,0,0,t2600
refl,202074,172596,29478,0,0,t2601
refl,177603,152072,25531,0,0,t2602
refl,185129,159751,25378,0,0,t2603
refl,182133,157593,24540,0,0,t2604
refl,181361,155594,25767,0,0,t2605
refl,192592,166756,25836,0,0,t2606
refl,192972,163812,29160,0,0,t2607
cong,1386875,870322,516553,0,0,t2608
poly_simp,27105782,19268333,7837449,0,0,t2609
trans,571913,405210,166703,0,0,t2610
trans,405046,263439,141607,0,0,t2611
cong,628078,460603,167475,0,0,t2612
equiv_pos2,665417,601565,63852,0,0,t2613
poly_simp,4258251,3033662,1224589,0,0,t2614
poly_simp_rel,627436,332751,294685,0,0,t2615
equiv_pos2,401184,338289,62895,0,0,t2616
poly_simp,2643040,1989233,653807,0,0,t2617
poly_simp,2434806,1897192,537614,0,0,t2618
refl,229119,218651,10468,0,0,t2619
cong,501843,420978,80865,0,0,t2620
poly_simp,3255196,2326926,928270,0,0,t2621
trans,321730,261342,60388,0,0,t2622
trans,285155,230113,55042,0,0,t2623
cong,341726,265753,75973,0,0,t2624
resolution,1762197,327571,1434626,0,0,t2625
resolution,1533667,286432,1247235,0,0,t2626
cong,498891,422376,76515,0,0,t2627
refl,256671,213826,42845,0,0,t2628
cong,1191393,766795,424598,0,0,t2629
cong,527902,362822,165080,0,0,t2630
poly_simp,3398675,2588135,810540,0,0,t2631
cong,1249124,792334,456790,0,0,t2632
poly_simp,25881402,18835766,7045636,0,0,t2633
trans,632433,462861,169572,0,0,t2634
cong,672929,501680,171249,0,0,t2635
trans,404759,257652,147107,0,0,t2636
rare_rewrite:arith-eq-elim-real,1269270,1108597,160673,0,0,t2637
semilattice_simp,5889344,5295400,593944,0,0,t2638
trans,437415,273137,164278,0,0,t2639
rare_rewrite:arith-elim-leq,993603,849323,144280,0,0,t2640
poly_simp,38938353,28938746,9999607,0,0,t2641
poly_simp_rel,1667054,633301,1033753,0,0,t2642
trans,480168,281788,198380,0,0,t2643
poly_simp,37782660,26889204,10893456,0,0,t2644
poly_simp_rel,1583602,665996,917606,0,0,t2645
cong,708790,405958,302832,0,0,t2646
trans,543015,270305,272710,0,0,t2647
resolution,1871451,387460,1483991,0,0,t2648
and,1264550,672250,592300,0,0,t2649
resolution,1731708,323583,1408125,0,0,t2650
and_intro,372581,214610,157971,0,0,t2651
resolution,1203905,278197,925708,0,0,t2652
la_mult_pos,486348,422980,63368,0,0,t2653
implies,284142,236112,48030,0,0,t2654
rare_rewrite:bool-eq-true,870333,839175,31158,0,0,t2655
equiv1,249037,215754,33283,0,0,t2656
evaluate,2244669,1878064,366605,0,0,t2657
resolution,1091337,277188,814149,0,0,t2658
and_intro,216011,174810,41201,0,0,t2659
resolution,1065366,230416,834950,0,0,t2660
la_mult_neg,473773,415764,58009,0,0,t2661
implies,268503,220386,48117,0,0,t2662
rare_rewrite:bool-eq-true,826887,796134,30753,0,0,t2663
equiv1,264686,225161,39525,0,0,t2664
evaluate,2102200,1816527,285673,0,0,t2665
resolution,1143596,266233,877363,0,0,t2666
and_intro,218105,179732,38373,0,0,t2667
resolution,1060411,230861,829550,0,0,t2668
la_mult_pos,657533,487610,169923,0,0,t2669
implies,401157,267260,133897,0,0,t2670
rare_rewrite:bool-eq-true,810438,783185,27253,0,0,t2671
equiv1,248643,215355,33288,0,0,t2672
evaluate,2232702,1906436,326266,0,0,t2673
resolution,1153446,275785,877661,0,0,t2674
equiv_pos2,2116277,1908576,207701,0,0,t2675
rare_rewrite:arith-elim-leq,1027458,880210,147248,0,0,t2676
poly_simp,34703955,24070845,10633110,0,0,t2677
poly_simp_rel,1451536,671004,780532,0,0,t2678
trans,499662,305619,194043,0,0,t2679
symm,373073,193857,179216,0,0,t2680
equiv_pos2,777471,506018,271453,0,0,t2681
poly_simp,27255242,18843258,8411984,0,0,t2682
poly_simp,3200934,2660051,540883,0,0,t2683
poly_simp,2494199,2054669,439530,0,0,t2684
refl,271374,238334,33040,0,0,t2685
refl,226654,191952,34702,0,0,t2686
refl,216037,184102,31935,0,0,t2687
refl,209122,179095,30027,0,0,t2688
refl,204608,175680,28928,0,0,t2689
refl,197226,168641,28585,0,0,t2690
refl,186780,158639,28141,0,0,t2691
refl,203624,175319,28305,0,0,t2692
refl,190535,163227,27308,0,0,t2693
refl,198253,171340,26913,0,0,t2694
refl,186721,161775,24946,0,0,t2695
refl,189219,161804,27415,0,0,t2696
refl,184412,158125,26287,0,0,t2697
refl,199628,173003,26625,0,0,t2698
refl,196892,166855,30037,0,0,t2699
refl,200654,169567,31087,0,0,t2700
refl,193423,165739,27684,0,0,t2701
refl,204597,175192,29405,0,0,t2702
refl,182011,157636,24375,0,0,t2703
refl,198978,170923,28055,0,0,t2704
refl,184876,157061,27815,0,0,t2705
refl,191431,165874,25557,0,0,t2706
refl,185065,155289,29776,0,0,t2707
refl,183951,155862,28089,0,0,t2708
refl,192272,165288,26984,0,0,t2709
refl,199796,171888,27908,0,0,t2710
refl,197818,167534,30284,0,0,t2711
refl,187761,159135,28626,0,0,t2712
refl,187939,160752,27187,0,0,t2713
refl,177537,153118,24419,0,0,t2714
cong,1367152,840936,526216,0,0,t2715
poly_simp,27877738,19842254,8035484,0,0,t2716
trans,628783,463805,164978,0,0,t2717
trans,398879,256422,142457,0,0,t2718
cong,657167,468098,189069,0,0,t2719
poly_simp,24910091,18143566,6766525,0,0,t2720
poly_simp_rel,1706138,792013,914125,0,0,t2721
trans,490174,319579,170595,0,0,t2722
equiv_pos2,642449,578305,64144,0,0,t2723
poly_simp,4714707,3313188,1401519,0,0,t2724
poly_simp_rel,1436539,1161850,274689,0,0,t2725
equiv_pos2,416537,355566,60971,0,0,t2726
poly_simp,3581161,2929164,651997,0,0,t2727
poly_simp,2581284,2018645,562639,0,0,t2728
refl,228285,217902,10383,0,0,t2729
cong,499557,415128,84429,0,0,t2730
poly_simp,3293933,2345366,948567,0,0,t2731
trans,323408,263934,59474,0,0,t2732
trans,288770,233715,55055,0,0,t2733
cong,339481,264836,74645,0,0,t2734
resolution,1713523,322617,1390906,0,0,t2735
resolution,1595450,275625,1319825,0,0,t2736
cong,464930,391788,73142,0,0,t2737
refl,219908,184772,35136,0,0,t2738
cong,1195845,725550,470295,0,0,t2739
cong,515021,354835,160186,0,0,t2740
poly_simp,3350466,2576626,773840,0,0,t2741
cong,1165724,755201,410523,0,0,t2742
poly_simp,25176511,18260393,6916118,0,0,t2743
trans,585634,444087,141547,0,0,t2744
cong,615548,464780,150768,0,0,t2745
trans,381007,248647,132360,0,0,t2746
rare_rewrite:arith-eq-elim-real,1201922,1062261,139661,0,0,t2747
semilattice_simp,5724255,5156732,567523,0,0,t2748
trans,396869,260300,136569,0,0,t2749
rare_rewrite:arith-elim-leq,944714,820162,124552,0,0,t2750
poly_simp,40428946,28177097,12251849,0,0,t2751
poly_simp_rel,1829583,729664,1099919,0,0,t2752
trans,508137,292422,215715,0,0,t2753
poly_simp,38593906,26991283,11602623,0,0,t2754
poly_simp_rel,1520725,609338,911387,0,0,t2755
cong,662400,383246,279154,0,0,t2756
trans,589521,291108,298413,0,0,t2757
resolution,1891030,377538,1513492,0,0,t2758
and,1236451,669309,567142,0,0,t2759
resolution,1719810,299384,1420426,0,0,t2760
and_intro,340620,201984,138636,0,0,t2761
resolution,1190784,281148,909636,0,0,t2762
resolution,577132163,224968499,352163664,0,0,t6906.t1
la_mult_pos,811338,726111,85227,0,0,t2763
implies,278005,226433,51572,0,0,t2764
rare_rewrite:bool-eq-true,926212,894742,31470,0,0,t2765
equiv1,240880,209961,30919,0,0,t2766
evaluate,2291780,1932700,359080,0,0,t2767
resolution,1183887,326956,856931,0,0,t2768
and_intro,234715,193635,41080,0,0,t2769
resolution,965939,227956,737983,0,0,t2770
la_mult_neg,498592,440986,57606,0,0,t2771
implies,249447,203580,45867,0,0,t2772
rare_rewrite:bool-eq-true,869164,836733,32431,0,0,t2773
equiv1,260026,222898,37128,0,0,t2774
evaluate,2117572,1873860,243712,0,0,t2775
resolution,1098517,277100,821417,0,0,t2776
and_intro,211314,173430,37884,0,0,t2777
resolution,999102,230800,768302,0,0,t2778
la_mult_pos,681296,497618,183678,0,0,t2779
implies,396020,254749,141271,0,0,t2780
rare_rewrite:bool-eq-true,845879,814029,31850,0,0,t2781
equiv1,244005,213800,30205,0,0,t2782
evaluate,1890871,1701678,189193,0,0,t2783
resolution,1123111,283964,839147,0,0,t2784
equiv_pos2,2181232,1951742,229490,0,0,t2785
rare_rewrite:arith-elim-leq,999773,860956,138817,0,0,t2786
poly_simp,34392751,23969524,10423227,0,0,t2787
poly_simp_rel,1434029,660312,773717,0,0,t2788
trans,3271907,3056703,215204,0,0,t2789
symm,440423,240347,200076,0,0,t2790
equiv_pos2,857817,592919,264898,0,0,t2791
poly_simp,27151199,19463106,7688093,0,0,t2792
poly_simp,3304559,2680731,623828,0,0,t2793
poly_simp,2612778,2099035,513743,0,0,t2794
refl,275968,241604,34364,0,0,t2795
refl,230789,194116,36673,0,0,t2796
refl,205313,177215,28098,0,0,t2797
refl,210071,179718,30353,0,0,t2798
refl,199865,172878,26987,0,0,t2799
refl,200765,171202,29563,0,0,t2800
refl,222284,191499,30785,0,0,t2801
refl,193907,165117,28790,0,0,t2802
refl,202851,173803,29048,0,0,t2803
refl,218816,187918,30898,0,0,t2804
refl,192227,165458,26769,0,0,t2805
refl,214676,185666,29010,0,0,t2806
refl,217094,189683,27411,0,0,t2807
refl,200577,174758,25819,0,0,t2808
refl,191949,166341,25608,0,0,t2809
refl,190623,163632,26991,0,0,t2810
refl,200500,172626,27874,0,0,t2811
refl,200272,173382,26890,0,0,t2812
refl,186042,159676,26366,0,0,t2813
refl,190411,166031,24380,0,0,t2814
refl,202460,176336,26124,0,0,t2815
refl,203268,176886,26382,0,0,t2816
refl,190081,164356,25725,0,0,t2817
refl,204167,175751,28416,0,0,t2818
refl,208548,180224,28324,0,0,t2819
refl,201881,175740,26141,0,0,t2820
refl,195441,167737,27704,0,0,t2821
refl,198139,169475,28664,0,0,t2822
refl,197421,171915,25506,0,0,t2823
refl,191874,167412,24462,0,0,t2824
cong,1324580,843245,481335,0,0,t2825
poly_simp,26812165,18910417,7901748,0,0,t2826
trans,563664,405029,158635,0,0,t2827
trans,427153,284787,142366,0,0,t2828
cong,618400,450626,167774,0,0,t2829
poly_simp,24567650,18005011,6562639,0,0,t2830
poly_simp_rel,1534993,709654,825339,0,0,t2831
trans,430699,279514,151185,0,0,t2832
equiv_pos2,655863,594679,61184,0,0,t2833
poly_simp,4272710,3105922,1166788,0,0,t2834
poly_simp_rel,602757,362871,239886,0,0,t2835
equiv_pos2,402054,337813,64241,0,0,t2836
poly_simp,2790151,2096946,693205,0,0,t2837
poly_simp,2542951,1978386,564565,0,0,t2838
refl,249344,238147,11197,0,0,t2839
cong,523504,441442,82062,0,0,t2840
poly_simp,3397324,2452016,945308,0,0,t2841
trans,334748,269872,64876,0,0,t2842
trans,280249,228239,52010,0,0,t2843
cong,369924,292075,77849,0,0,t2844
resolution,1691002,342836,1348166,0,0,t2845
resolution,1578504,293710,1284794,0,0,t2846
cong,466846,392303,74543,0,0,t2847
refl,242634,207125,35509,0,0,t2848
cong,1187241,720793,466448,0,0,t2849
cong,541228,375278,165950,0,0,t2850
poly_simp,3338280,2528832,809448,0,0,t2851
cong,1218631,796435,422196,0,0,t2852
poly_simp,23993706,17583359,6410347,0,0,t2853
trans,547269,398702,148567,0,0,t2854
cong,596266,447879,148387,0,0,t2855
trans,387543,255819,131724,0,0,t2856
rare_rewrite:arith-eq-elim-real,1163469,1035127,128342,0,0,t2857
semilattice_simp,5674730,5106781,567949,0,0,t2858
trans,407085,267374,139711,0,0,t2859
rare_rewrite:arith-elim-leq,963960,823254,140706,0,0,t2860
poly_simp,38259356,26190445,12068911,0,0,t2861
poly_simp_rel,1856793,731027,1125766,0,0,t2862
trans,514109,308808,205301,0,0,t2863
poly_simp,37651782,26162953,11488829,0,0,t2864
poly_simp_rel,1683700,742279,941421,0,0,t2865
cong,665503,413821,251682,0,0,t2866
trans,547791,286031,261760,0,0,t2867
resolution,1819422,376971,1442451,0,0,t2868
and,1244282,667370,576912,0,0,t2869
resolution,1693265,325746,1367519,0,0,t2870
and_intro,359890,216626,143264,0,0,t2871
resolution,1160280,272086,888194,0,0,t2872
la_mult_pos,497697,433162,64535,0,0,t2873
implies,259512,212100,47412,0,0,t2874
rare_rewrite:bool-eq-true,895658,862558,33100,0,0,t2875
equiv1,259078,230264,28814,0,0,t2876
evaluate,2219383,1886190,333193,0,0,t2877
resolution,1127759,290651,837108,0,0,t2878
and_intro,252778,206362,46416,0,0,t2879
resolution,1052764,245480,807284,0,0,t2880
la_mult_neg,489504,431071,58433,0,0,t2881
implies,277352,225670,51682,0,0,t2882
rare_rewrite:bool-eq-true,817999,786987,31012,0,0,t2883
equiv1,262301,228315,33986,0,0,t2884
evaluate,2040025,1795382,244643,0,0,t2885
resolution,1125742,291777,833965,0,0,t2886
and_intro,222508,184550,37958,0,0,t2887
resolution,1073111,241522,831589,0,0,t2888
la_mult_pos,678566,500485,178081,0,0,t2889
implies,404509,264102,140407,0,0,t2890
rare_rewrite:bool-eq-true,845649,812393,33256,0,0,t2891
equiv1,239236,208766,30470,0,0,t2892
evaluate,1962198,1791735,170463,0,0,t2893
resolution,1167471,279159,888312,0,0,t2894
equiv_pos2,2195054,1966365,228689,0,0,t2895
rare_rewrite:arith-elim-leq,1044437,895822,148615,0,0,t2896
poly_simp,33852496,23396438,10456058,0,0,t2897
poly_simp_rel,1514410,651175,863235,0,0,t2898
trans,475745,291032,184713,0,0,t2899
symm,375335,197434,177901,0,0,t2900
equiv_pos2,744282,490964,253318,0,0,t2901
poly_simp,26743649,19016391,7727258,0,0,t2902
poly_simp,3032545,2533811,498734,0,0,t2903
poly_simp,2575946,2020893,555053,0,0,t2904
refl,290066,252846,37220,0,0,t2905
refl,247959,214471,33488,0,0,t2906
refl,221210,190897,30313,0,0,t2907
refl,203850,174067,29783,0,0,t2908
refl,217308,187451,29857,0,0,t2909
refl,193136,167792,25344,0,0,t2910
refl,202162,174722,27440,0,0,t2911
refl,214843,184594,30249,0,0,t2912
refl,235266,180637,54629,0,0,t2913
refl,203237,175383,27854,0,0,t2914
refl,196491,171003,25488,0,0,t2915
refl,205048,175415,29633,0,0,t2916
refl,225053,195265,29788,0,0,t2917
refl,199368,170995,28373,0,0,t2918
refl,193819,169083,24736,0,0,t2919
refl,195371,168512,26859,0,0,t2920
refl,195700,169558,26142,0,0,t2921
refl,197795,171824,25971,0,0,t2922
refl,212406,185157,27249,0,0,t2923
refl,197393,170080,27313,0,0,t2924
refl,204178,176962,27216,0,0,t2925
refl,201633,173881,27752,0,0,t2926
refl,212818,183501,29317,0,0,t2927
refl,192128,165591,26537,0,0,t2928
refl,190750,165888,24862,0,0,t2929
refl,203255,177823,25432,0,0,t2930
refl,192126,167307,24819,0,0,t2931
refl,194321,167403,26918,0,0,t2932
refl,220227,189791,30436,0,0,t2933
refl,214616,188424,26192,0,0,t2934
cong,1337934,850985,486949,0,0,t2935
poly_simp,29344774,18879159,10465615,0,0,t2936
trans,678706,523759,154947,0,0,t2937
trans,390793,254886,135907,0,0,t2938
cong,663712,498041,165671,0,0,t2939
poly_simp,24288549,17976226,6312323,0,0,t2940
poly_simp_rel,1499866,662344,837522,0,0,t2941
trans,453235,296677,156558,0,0,t2942
equiv_pos2,637644,576262,61382,0,0,t2943
poly_simp,4321436,3057291,1264145,0,0,t2944
poly_simp_rel,570789,323121,247668,0,0,t2945
equiv_pos2,417688,348886,68802,0,0,t2946
poly_simp,3114913,2296299,818614,0,0,t2947
poly_simp,2661375,2137327,524048,0,0,t2948
refl,270769,260478,10291,0,0,t2949
cong,517215,429844,87371,0,0,t2950
poly_simp,3425905,2470554,955351,0,0,t2951
trans,410756,348508,62248,0,0,t2952
trans,295828,240834,54994,0,0,t2953
cong,388778,313454,75324,0,0,t2954
resolution,1870995,351774,1519221,0,0,t2955
resolution,1625102,320113,1304989,0,0,t2956
cong,583004,511017,71987,0,0,t2957
refl,252718,214111,38607,0,0,t2958
cong,1247299,773379,473920,0,0,t2959
cong,556978,390355,166623,0,0,t2960
poly_simp,3768497,2846737,921760,0,0,t2961
cong,1205444,745814,459630,0,0,t2962
poly_simp,24334936,17751083,6583853,0,0,t2963
trans,549267,404960,144307,0,0,t2964
cong,676881,515015,161866,0,0,t2965
trans,386728,263846,122882,0,0,t2966
rare_rewrite:arith-eq-elim-real,1242786,1118179,124607,0,0,t2967
semilattice_simp,5676857,5118563,558294,0,0,t2968
trans,406408,273352,133056,0,0,t2969
rare_rewrite:arith-elim-leq,942003,825148,116855,0,0,t2970
poly_simp,39586269,27765848,11820421,0,0,t2971
poly_simp_rel,1749419,652790,1096629,0,0,t2972
trans,473043,281859,191184,0,0,t2973
poly_simp,38442203,26757286,11684917,0,0,t2974
poly_simp_rel,1635292,713646,921646,0,0,t2975
cong,679073,402321,276752,0,0,t2976
trans,574477,289407,285070,0,0,t2977
resolution,1924335,399583,1524752,0,0,t2978
and,1276502,716501,560001,0,0,t2979
resolution,1741500,336832,1404668,0,0,t2980
and_intro,360770,217726,143044,0,0,t2981
resolution,1148799,277823,870976,0,0,t2982
la_mult_neg,510310,442561,67749,0,0,t2983
implies,303712,248215,55497,0,0,t2984
rare_rewrite:bool-eq-true,901755,868152,33603,0,0,t2985
equiv1,262551,225956,36595,0,0,t2986
evaluate,2175519,1979586,195933,0,0,t2987
resolution,1107896,266453,841443,0,0,t2988
and_intro,243365,198634,44731,0,0,t2989
resolution,1245811,400272,845539,0,0,t2990
la_mult_pos,486059,430211,55848,0,0,t2991
implies,285422,239357,46065,0,0,t2992
rare_rewrite:bool-eq-true,880251,845885,34366,0,0,t2993
equiv1,273276,239587,33689,0,0,t2994
evaluate,2228960,1800099,428861,0,0,t2995
resolution,1178406,286774,891632,0,0,t2996
and_intro,230635,193815,36820,0,0,t2997
resolution,1043352,263063,780289,0,0,t2998
la_mult_pos,692561,520017,172544,0,0,t2999
implies,387687,250290,137397,0,0,t3000
rare_rewrite:bool-eq-true,899832,871207,28625,0,0,t3001
equiv1,268177,237370,30807,0,0,t3002
evaluate,2105544,1782790,322754,0,0,t3003
resolution,1133276,275247,858029,0,0,t3004
equiv_pos2,2004201,1782249,221952,0,0,t3005
rare_rewrite:arith-elim-leq,1064451,908201,156250,0,0,t3006
poly_simp,38437041,27724134,10712907,0,0,t3007
poly_simp_rel,1618450,800951,817499,0,0,t3008
trans,495453,298455,196998,0,0,t3009
symm,385526,190398,195128,0,0,t3010
equiv_pos2,789294,510967,278327,0,0,t3011
poly_simp,26697209,18288442,8408767,0,0,t3012
poly_simp,3475124,2913967,561157,0,0,t3013
poly_simp,2847071,2158289,688782,0,0,t3014
refl,286465,249989,36476,0,0,t3015
refl,225684,192371,33313,0,0,t3016
refl,210143,181847,28296,0,0,t3017
refl,220331,191046,29285,0,0,t3018
refl,225033,193876,31157,0,0,t3019
refl,221997,191039,30958,0,0,t3020
refl,207463,176312,31151,0,0,t3021
refl,197356,169159,28197,0,0,t3022
refl,197953,172036,25917,0,0,t3023
refl,196465,168371,28094,0,0,t3024
refl,190768,163775,26993,0,0,t3025
refl,201988,176852,25136,0,0,t3026
refl,191017,165915,25102,0,0,t3027
refl,195141,167813,27328,0,0,t3028
refl,203874,177500,26374,0,0,t3029
refl,198471,170933,27538,0,0,t3030
refl,191075,163246,27829,0,0,t3031
refl,199344,171639,27705,0,0,t3032
refl,202893,171897,30996,0,0,t3033
refl,217262,188382,28880,0,0,t3034
refl,196027,167859,28168,0,0,t3035
refl,210088,180465,29623,0,0,t3036
refl,202202,174776,27426,0,0,t3037
refl,196321,170187,26134,0,0,t3038
refl,200281,174571,25710,0,0,t3039
refl,206483,182341,24142,0,0,t3040
refl,195418,170875,24543,0,0,t3041
refl,201601,173133,28468,0,0,t3042
refl,208004,179673,28331,0,0,t3043
refl,208402,178004,30398,0,0,t3044
cong,1564585,1005540,559045,0,0,t3045
poly_simp,27038458,19094386,7944072,0,0,t3046
trans,760846,596054,164792,0,0,t3047
trans,438089,301385,136704,0,0,t3048
cong,749063,580291,168772,0,0,t3049
equiv_pos2,634291,571357,62934,0,0,t3050
poly_simp,4167601,3003735,1163866,0,0,t3051
poly_simp_rel,617035,350684,266351,0,0,t3052
equiv_pos2,398948,333698,65250,0,0,t3053
poly_simp,2724793,2028274,696519,0,0,t3054
poly_simp,2459071,1983721,475350,0,0,t3055
refl,266412,255386,11026,0,0,t3056
cong,506909,423970,82939,0,0,t3057
poly_simp,3287592,2363994,923598,0,0,t3058
trans,340328,281383,58945,0,0,t3059
trans,274752,221685,53067,0,0,t3060
cong,375317,290626,84691,0,0,t3061
resolution,1796953,342775,1454178,0,0,t3062
resolution,1612543,305133,1307410,0,0,t3063
cong,474563,396864,77699,0,0,t3064
refl,241668,206114,35554,0,0,t3065
cong,1179862,732290,447572,0,0,t3066
cong,532028,369691,162337,0,0,t3067
poly_simp,3265703,2513990,751713,0,0,t3068
cong,1214620,762198,452422,0,0,t3069
poly_simp,23552287,17328308,6223979,0,0,t3070
trans,3336521,3184755,151766,0,0,t3071
cong,677401,505076,172325,0,0,t3072
trans,445067,287554,157513,0,0,t3073
rare_rewrite:arith-eq-elim-real,1250552,1108070,142482,0,0,t3074
semilattice_simp,5638351,5072449,565902,0,0,t3075
trans,422444,274732,147712,0,0,t3076
rare_rewrite:arith-elim-leq,955784,823529,132255,0,0,t3077
poly_simp,35545408,24701092,10844316,0,0,t3078
poly_simp_rel,2083897,1044797,1039100,0,0,t3079
trans,477795,291172,186623,0,0,t3080
poly_simp,34642962,24323930,10319032,0,0,t3081
poly_simp_rel,1493408,585678,907730,0,0,t3082
cong,686284,415436,270848,0,0,t3083
trans,556513,291360,265153,0,0,t3084
resolution,1795222,371103,1424119,0,0,t3085
and,1270964,701149,569815,0,0,t3086
resolution,1701215,334385,1366830,0,0,t3087
and_intro,354923,215506,139417,0,0,t3088
resolution,1187198,284058,903140,0,0,t3089
la_mult_neg,503125,438726,64399,0,0,t3090
implies,273247,221527,51720,0,0,t3091
rare_rewrite:bool-eq-true,893936,859417,34519,0,0,t3092
equiv1,271275,233706,37569,0,0,t3093
evaluate,2242468,1983506,258962,0,0,t3094
resolution,1181188,314149,867039,0,0,t3095
and_intro,239823,195430,44393,0,0,t3096
resolution,1043574,265995,777579,0,0,t3097
la_mult_pos,471915,418547,53368,0,0,t3098
implies,270151,227367,42784,0,0,t3099
rare_rewrite:bool-eq-true,828235,801408,26827,0,0,t3100
equiv1,252797,220326,32471,0,0,t3101
evaluate,1873226,1751139,122087,0,0,t3102
resolution,1159734,273102,886632,0,0,t3103
and_intro,213767,179450,34317,0,0,t3104
resolution,1131478,271167,860311,0,0,t3105
la_mult_pos,692051,508392,183659,0,0,t3106
implies,395981,254917,141064,0,0,t3107
rare_rewrite:bool-eq-true,964056,930525,33531,0,0,t3108
equiv1,254540,223017,31523,0,0,t3109
evaluate,2376933,1958051,418882,0,0,t3110
resolution,1286895,311923,974972,0,0,t3111
equiv_pos2,2041756,1827433,214323,0,0,t3112
rare_rewrite:arith-elim-leq,1222497,1072786,149711,0,0,t3113
poly_simp,35368216,23381367,11986849,0,0,t3114
poly_simp_rel,1742039,921345,820694,0,0,t3115
trans,477610,290996,186614,0,0,t3116
symm,380662,200810,179852,0,0,t3117
equiv_pos2,726408,485900,240508,0,0,t3118
poly_simp,25923581,17799377,8124204,0,0,t3119
poly_simp,3181525,2599178,582347,0,0,t3120
poly_simp,2665952,2100452,565500,0,0,t3121
refl,276634,241313,35321,0,0,t3122
refl,224961,191706,33255,0,0,t3123
refl,239174,205418,33756,0,0,t3124
refl,213586,183443,30143,0,0,t3125
refl,202880,176422,26458,0,0,t3126
refl,200837,174960,25877,0,0,t3127
refl,216821,190531,26290,0,0,t3128
refl,203692,174435,29257,0,0,t3129
refl,222218,193128,29090,0,0,t3130
refl,195140,169749,25391,0,0,t3131
refl,210041,177996,32045,0,0,t3132
refl,210866,182022,28844,0,0,t3133
refl,198998,173156,25842,0,0,t3134
refl,198957,171106,27851,0,0,t3135
refl,209780,181506,28274,0,0,t3136
refl,199777,171097,28680,0,0,t3137
refl,211455,182765,28690,0,0,t3138
refl,214279,184859,29420,0,0,t3139
refl,205291,176775,28516,0,0,t3140
refl,202753,174848,27905,0,0,t3141
refl,199599,173728,25871,0,0,t3142
refl,195512,169296,26216,0,0,t3143
refl,195663,171283,24380,0,0,t3144
refl,195744,166922,28822,0,0,t3145
refl,197905,168447,29458,0,0,t3146
refl,195678,169927,25751,0,0,t3147
refl,215174,185442,29732,0,0,t3148
refl,218107,189065,29042,0,0,t3149
refl,197250,170118,27132,0,0,t3150
refl,194069,165213,28856,0,0,t3151
cong,1375246,852176,523070,0,0,t3152
poly_simp,26132636,18313135,7819501,0,0,t3153
trans,719345,542978,176367,0,0,t3154
trans,437932,282440,155492,0,0,t3155
cong,693792,511829,181963,0,0,t3156
equiv_pos2,711563,641942,69621,0,0,t3157
poly_simp,4508353,3302016,1206337,0,0,t3158
poly_simp_rel,636278,368312,267966,0,0,t3159
equiv_pos2,411448,350286,61162,0,0,t3160
poly_simp,3267739,2217336,1050403,0,0,t3161
poly_simp,2563741,2013035,550706,0,0,t3162
refl,250185,240221,9964,0,0,t3163
cong,520001,438035,81966,0,0,t3164
poly_simp,3331743,2361912,969831,0,0,t3165
trans,374553,309331,65222,0,0,t3166
trans,271586,221214,50372,0,0,t3167
cong,365680,285710,79970,0,0,t3168
resolution,1881562,350110,1531452,0,0,t3169
resolution,1591898,302265,1289633,0,0,t3170
cong,493017,416348,76669,0,0,t3171
refl,245208,209575,35633,0,0,t3172
cong,1191882,723775,468107,0,0,t3173
cong,536484,378471,158013,0,0,t3174
poly_simp,3319352,2578050,741302,0,0,t3175
cong,1313950,889850,424100,0,0,t3176
poly_simp,24399043,17938644,6460399,0,0,t3177
trans,696765,529244,167521,0,0,t3178
cong,673428,499339,174089,0,0,t3179
trans,407028,271765,135263,0,0,t3180
rare_rewrite:arith-eq-elim-real,1203162,1061054,142108,0,0,t3181
semilattice_simp,5549804,4977360,572444,0,0,t3182
trans,423188,280122,143066,0,0,t3183
rare_rewrite:arith-elim-leq,1111201,978783,132418,0,0,t3184
poly_simp,34066563,23807612,10258951,0,0,t3185
poly_simp_rel,1662018,586437,1075581,0,0,t3186
trans,489121,297494,191627,0,0,t3187
poly_simp,35108357,24565526,10542831,0,0,t3188
poly_simp_rel,1524115,647932,876183,0,0,t3189
cong,676283,413822,262461,0,0,t3190
trans,546334,299729,246605,0,0,t3191
resolution,1812533,407196,1405337,0,0,t3192
and,1412381,693666,718715,0,0,t3193
resolution,1715718,350112,1365606,0,0,t3194
and_intro,364170,218605,145565,0,0,t3195
resolution,1145968,280569,865399,0,0,t3196
la_mult_pos,502154,440374,61780,0,0,t3197
implies,283394,234560,48834,0,0,t3198
rare_rewrite:bool-eq-true,897137,866856,30281,0,0,t3199
equiv1,270902,238379,32523,0,0,t3200
evaluate,2286060,1977941,308119,0,0,t3201
resolution,1139773,291656,848117,0,0,t3202
and_intro,241583,195505,46078,0,0,t3203
resolution,1037653,245699,791954,0,0,t3204
la_mult_neg,496306,437107,59199,0,0,t3205
implies,273510,226155,47355,0,0,t3206
rare_rewrite:bool-eq-true,807208,777110,30098,0,0,t3207
equiv1,268817,233877,34940,0,0,t3208
evaluate,2068572,1771169,297403,0,0,t3209
resolution,1176112,300054,876058,0,0,t3210
and_intro,230768,192650,38118,0,0,t3211
resolution,1141945,259651,882294,0,0,t3212
la_mult_pos,685608,504324,181284,0,0,t3213
implies,409322,263598,145724,0,0,t3214
rare_rewrite:bool-eq-true,841633,809938,31695,0,0,t3215
equiv1,245383,214391,30992,0,0,t3216
evaluate,2047900,1779203,268697,0,0,t3217
resolution,1138795,294038,844757,0,0,t3218
equiv_pos2,2189197,1947101,242096,0,0,t3219
rare_rewrite:arith-elim-leq,1090068,946621,143447,0,0,t3220
poly_simp,33671259,23195128,10476131,0,0,t3221
poly_simp_rel,1360866,588660,772206,0,0,t3222
trans,511666,322175,189491,0,0,t3223
symm,399100,206607,192493,0,0,t3224
equiv_pos2,785483,513651,271832,0,0,t3225
poly_simp,25884631,18195639,7688992,0,0,t3226
poly_simp,3116824,2627540,489284,0,0,t3227
poly_simp,2570045,2048540,521505,0,0,t3228
refl,279299,244198,35101,0,0,t3229
refl,257485,221829,35656,0,0,t3230
refl,229476,198479,30997,0,0,t3231
refl,221911,192843,29068,0,0,t3232
refl,215076,187170,27906,0,0,t3233
refl,205789,177488,28301,0,0,t3234
refl,213947,185785,28162,0,0,t3235
refl,202896,173258,29638,0,0,t3236
refl,206008,180395,25613,0,0,t3237
refl,206321,179217,27104,0,0,t3238
refl,198944,173961,24983,0,0,t3239
refl,206406,177289,29117,0,0,t3240
refl,228471,198461,30010,0,0,t3241
refl,213458,185517,27941,0,0,t3242
refl,200980,173726,27254,0,0,t3243
refl,202316,177253,25063,0,0,t3244
refl,212526,183612,28914,0,0,t3245
refl,211011,181178,29833,0,0,t3246
refl,200755,173548,27207,0,0,t3247
refl,205436,176819,28617,0,0,t3248
refl,202087,174402,27685,0,0,t3249
refl,207273,177635,29638,0,0,t3250
refl,215586,187138,28448,0,0,t3251
refl,201825,172198,29627,0,0,t3252
refl,198810,173913,24897,0,0,t3253
refl,206459,178275,28184,0,0,t3254
refl,202236,176531,25705,0,0,t3255
refl,194740,167690,27050,0,0,t3256
refl,204784,175639,29145,0,0,t3257
refl,209096,179790,29306,0,0,t3258
cong,1326512,861169,465343,0,0,t3259
poly_simp,26506861,18638876,7867985,0,0,t3260
trans,597642,419524,178118,0,0,t3261
trans,430482,282366,148116,0,0,t3262
cong,644338,460331,184007,0,0,t3263
poly_simp,23785094,17428828,6356266,0,0,t3264
poly_simp_rel,1439067,614995,824072,0,0,t3265
trans,444692,289925,154767,0,0,t3266
equiv_pos2,631912,572216,59696,0,0,t3267
poly_simp,4138415,3081648,1056767,0,0,t3268
poly_simp_rel,610910,364433,246477,0,0,t3269
equiv_pos2,411124,345098,66026,0,0,t3270
poly_simp,2768543,2135462,633081,0,0,t3271
poly_simp,2566825,2026310,540515,0,0,t3272
refl,255946,245539,10407,0,0,t3273
cong,520959,436754,84205,0,0,t3274
poly_simp,3278831,2335234,943597,0,0,t3275
trans,337920,277658,60262,0,0,t3276
trans,282736,229047,53689,0,0,t3277
cong,348730,274611,74119,0,0,t3278
resolution,1772553,341585,1430968,0,0,t3279
resolution,1583580,296280,1287300,0,0,t3280
cong,489569,414080,75489,0,0,t3281
refl,242618,208423,34195,0,0,t3282
cong,1203608,754374,449234,0,0,t3283
cong,556677,389416,167261,0,0,t3284
poly_simp,3340836,2576867,763969,0,0,t3285
cong,1219634,764894,454740,0,0,t3286
poly_simp,24161748,17718533,6443215,0,0,t3287
trans,602935,456387,146548,0,0,t3288
cong,653647,494590,159057,0,0,t3289
trans,398766,265164,133602,0,0,t3290
rare_rewrite:arith-eq-elim-real,1187781,1052786,134995,0,0,t3291
semilattice_simp,5678056,5113252,564804,0,0,t3292
trans,430956,286153,144803,0,0,t3293
rare_rewrite:arith-elim-leq,934855,811898,122957,0,0,t3294
poly_simp,38249250,27306274,10942976,0,0,t3295
poly_simp_rel,2035270,992180,1043090,0,0,t3296
trans,535275,320474,214801,0,0,t3297
poly_simp,36973628,26168677,10804951,0,0,t3298
poly_simp_rel,1691172,718314,972858,0,0,t3299
cong,773616,469479,304137,0,0,t3300
trans,580160,296897,283263,0,0,t3301
resolution,1936530,429210,1507320,0,0,t3302
and,1332682,724080,608602,0,0,t3303
resolution,1756154,334552,1421602,0,0,t3304
and_intro,380380,231135,149245,0,0,t3305
resolution,1183529,284349,899180,0,0,t3306
la_mult_pos,544108,481846,62262,0,0,t3307
implies,278406,228865,49541,0,0,t3308
rare_rewrite:bool-eq-true,961846,928050,33796,0,0,t3309
equiv1,277877,243736,34141,0,0,t3310
evaluate,2299803,1993004,306799,0,0,t3311
resolution,1304579,347622,956957,0,0,t3312
and_intro,261528,215781,45747,0,0,t3313
resolution,1119218,256327,862891,0,0,t3314
la_mult_neg,572076,509908,62168,0,0,t3315
implies,271672,224817,46855,0,0,t3316
rare_rewrite:bool-eq-true,915113,885683,29430,0,0,t3317
equiv1,246579,214387,32192,0,0,t3318
evaluate,2143094,1901665,241429,0,0,t3319
resolution,1306049,273730,1032319,0,0,t3320
and_intro,231467,192460,39007,0,0,t3321
resolution,1099201,258764,840437,0,0,t3322
la_mult_pos,699762,511315,188447,0,0,t3323
implies,380464,248614,131850,0,0,t3324
rare_rewrite:bool-eq-true,845658,811609,34049,0,0,t3325
equiv1,270489,232547,37942,0,0,t3326
evaluate,2139817,1808846,330971,0,0,t3327
resolution,1147264,292175,855089,0,0,t3328
equiv_pos2,2227334,1989421,237913,0,0,t3329
rare_rewrite:arith-elim-leq,1066484,922542,143942,0,0,t3330
poly_simp,33621541,23167122,10454419,0,0,t3331
poly_simp_rel,1348498,589217,759281,0,0,t3332
trans,517526,319483,198043,0,0,t3333
symm,399164,216837,182327,0,0,t3334
equiv_pos2,793403,515070,278333,0,0,t3335
poly_simp,25480625,17880627,7599998,0,0,t3336
poly_simp,3019598,2478898,540700,0,0,t3337
poly_simp,2662719,2076929,585790,0,0,t3338
refl,301930,263388,38542,0,0,t3339
refl,236062,201390,34672,0,0,t3340
refl,228492,194103,34389,0,0,t3341
refl,214477,184945,29532,0,0,t3342
refl,233913,206122,27791,0,0,t3343
refl,202690,174083,28607,0,0,t3344
refl,203708,176974,26734,0,0,t3345
refl,208876,182530,26346,0,0,t3346
refl,208294,181956,26338,0,0,t3347
refl,216197,190041,26156,0,0,t3348
refl,215064,185749,29315,0,0,t3349
refl,209656,179842,29814,0,0,t3350
refl,209829,179605,30224,0,0,t3351
refl,207975,178711,29264,0,0,t3352
refl,207550,178895,28655,0,0,t3353
refl,212121,182853,29268,0,0,t3354
refl,216617,186044,30573,0,0,t3355
refl,243393,210197,33196,0,0,t3356
refl,223805,193861,29944,0,0,t3357
refl,220935,187608,33327,0,0,t3358
refl,209494,178804,30690,0,0,t3359
refl,199378,171919,27459,0,0,t3360
refl,202075,175503,26572,0,0,t3361
refl,201314,174794,26520,0,0,t3362
refl,202315,173393,28922,0,0,t3363
refl,202961,173684,29277,0,0,t3364
refl,209109,176163,32946,0,0,t3365
refl,215714,183272,32442,0,0,t3366
refl,213500,182041,31459,0,0,t3367
refl,193231,167420,25811,0,0,t3368
cong,1358254,851513,506741,0,0,t3369
poly_simp,26867012,18656895,8210117,0,0,t3370
trans,624818,462032,162786,0,0,t3371
trans,439043,291827,147216,0,0,t3372
cong,661388,495896,165492,0,0,t3373
poly_simp,23788332,17254482,6533850,0,0,t3374
poly_simp_rel,1465197,607573,857624,0,0,t3375
trans,442071,290524,151547,0,0,t3376
equiv_pos2,632102,573102,59000,0,0,t3377
poly_simp,4151929,3052724,1099205,0,0,t3378
poly_simp_rel,628180,353019,275161,0,0,t3379
equiv_pos2,435125,370968,64157,0,0,t3380
poly_simp,2793873,2215270,578603,0,0,t3381
poly_simp,3028015,2326783,701232,0,0,t3382
refl,301493,291146,10347,0,0,t3383
cong,548339,465498,82841,0,0,t3384
poly_simp,3496175,2389085,1107090,0,0,t3385
trans,337886,276933,60953,0,0,t3386
trans,293827,241347,52480,0,0,t3387
cong,380307,299890,80417,0,0,t3388
resolution,1988170,369815,1618355,0,0,t3389
resolution,1635230,299733,1335497,0,0,t3390
cong,496041,411635,84406,0,0,t3391
refl,265137,228491,36646,0,0,t3392
cong,1195540,736681,458859,0,0,t3393
cong,558131,408029,150102,0,0,t3394
poly_simp,3430370,2564746,865624,0,0,t3395
cong,1279083,775250,503833,0,0,t3396
poly_simp,23871199,17321058,6550141,0,0,t3397
trans,514592,372078,142514,0,0,t3398
cong,752886,590635,162251,0,0,t3399
trans,414438,288446,125992,0,0,t3400
rare_rewrite:arith-eq-elim-real,1454498,1319493,135005,0,0,t3401
semilattice_simp,5543123,5000631,542492,0,0,t3402
trans,439791,297282,142509,0,0,t3403
rare_rewrite:arith-elim-leq,920704,795653,125051,0,0,t3404
poly_simp,36350358,25676003,10674355,0,0,t3405
poly_simp_rel,2377201,1128991,1248210,0,0,t3406
trans,512924,315106,197818,0,0,t3407
poly_simp,36203999,25084707,11119292,0,0,t3408
poly_simp_rel,1488586,614643,873943,0,0,t3409
cong,664187,398885,265302,0,0,t3410
trans,542546,276129,266417,0,0,t3411
resolution,1820024,398897,1421127,0,0,t3412
and,1230168,665678,564490,0,0,t3413
resolution,1748781,371831,1376950,0,0,t3414
and_intro,373235,232306,140929,0,0,t3415
resolution,1189806,286538,903268,0,0,t3416
la_mult_pos,510217,448830,61387,0,0,t3417
implies,280956,232284,48672,0,0,t3418
rare_rewrite:bool-eq-true,891462,860525,30937,0,0,t3419
equiv1,247235,216017,31218,0,0,t3420
evaluate,2118805,1911044,207761,0,0,t3421
resolution,1117815,287833,829982,0,0,t3422
and_intro,246641,205480,41161,0,0,t3423
resolution,1037848,259182,778666,0,0,t3424
la_mult_neg,494746,437016,57730,0,0,t3425
implies,301604,251142,50462,0,0,t3426
rare_rewrite:bool-eq-true,806614,776062,30552,0,0,t3427
equiv1,259068,226636,32432,0,0,t3428
evaluate,2065935,1825615,240320,0,0,t3429
resolution,1157202,291130,866072,0,0,t3430
and_intro,249910,209745,40165,0,0,t3431
resolution,1080942,267025,813917,0,0,t3432
la_mult_neg,691332,514282,177050,0,0,t3433
implies,419419,287917,131502,0,0,t3434
rare_rewrite:bool-eq-true,843272,812539,30733,0,0,t3435
equiv1,262635,225133,37502,0,0,t3436
evaluate,1998529,1790946,207583,0,0,t3437
resolution,1146321,299808,846513,0,0,t3438
equiv_pos2,2203647,1910368,293279,0,0,t3439
poly_simp,26267111,18087675,8179436,0,0,t3440
poly_simp,3302348,2730122,572226,0,0,t3441
poly_simp,2594876,2078610,516266,0,0,t3442
refl,269902,235997,33905,0,0,t3443
refl,242879,211213,31666,0,0,t3444
refl,239549,205090,34459,0,0,t3445
refl,235131,199221,35910,0,0,t3446
refl,222360,191558,30802,0,0,t3447
refl,217054,187180,29874,0,0,t3448
refl,211842,182585,29257,0,0,t3449
refl,211710,181078,30632,0,0,t3450
refl,213824,181255,32569,0,0,t3451
refl,222908,186250,36658,0,0,t3452
refl,199365,175287,24078,0,0,t3453
refl,204033,175907,28126,0,0,t3454
refl,204060,175875,28185,0,0,t3455
refl,211212,182955,28257,0,0,t3456
refl,210290,181562,28728,0,0,t3457
refl,204399,176448,27951,0,0,t3458
refl,217135,185453,31682,0,0,t3459
refl,214365,181753,32612,0,0,t3460
refl,205472,178931,26541,0,0,t3461
refl,213284,188125,25159,0,0,t3462
refl,221667,194352,27315,0,0,t3463
refl,218050,186713,31337,0,0,t3464
refl,207167,178162,29005,0,0,t3465
refl,204521,177631,26890,0,0,t3466
refl,218079,186951,31128,0,0,t3467
refl,208488,176010,32478,0,0,t3468
refl,199124,172142,26982,0,0,t3469
refl,212416,183505,28911,0,0,t3470
refl,207462,176557,30905,0,0,t3471
refl,226162,195339,30823,0,0,t3472
cong,1386583,867987,518596,0,0,t3473
poly_simp,26225717,18403182,7822535,0,0,t3474
trans,591388,430407,160981,0,0,t3475
trans,446506,307424,139082,0,0,t3476
cong,623612,455039,168573,0,0,t3477
equiv_pos2,673643,604325,69318,0,0,t3478
poly_simp,4020427,2993459,1026968,0,0,t3479
poly_simp_rel,608425,347318,261107,0,0,t3480
equiv_pos2,416522,351824,64698,0,0,t3481
poly_simp,2702835,2042266,660569,0,0,t3482
poly_simp,2570854,2023018,547836,0,0,t3483
refl,271118,260241,10877,0,0,t3484
cong,523592,440954,82638,0,0,t3485
poly_simp,3638243,2522232,1116011,0,0,t3486
trans,362520,302191,60329,0,0,t3487
trans,287218,232445,54773,0,0,t3488
cong,366957,293700,73257,0,0,t3489
resolution,1659518,340366,1319152,0,0,t3490
resolution,1530576,293290,1237286,0,0,t3491
cong,483677,410045,73632,0,0,t3492
refl,243142,206303,36839,0,0,t3493
cong,1128483,715563,412920,0,0,t3494
cong,569230,409788,159442,0,0,t3495
poly_simp,3333958,2567280,766678,0,0,t3496
cong,1199544,779895,419649,0,0,t3497
poly_simp,23674358,17295295,6379063,0,0,t3498
trans,565634,423585,142049,0,0,t3499
cong,640427,480328,160099,0,0,t3500
trans,407301,277238,130063,0,0,t3501
rare_rewrite:arith-eq-elim-real,1196993,1062903,134090,0,0,t3502
semilattice_simp,5693466,5075585,617881,0,0,t3503
trans,493914,352394,141520,0,0,t3504
rare_rewrite:arith-elim-leq,1115232,976912,138320,0,0,t3505
poly_simp,37424528,26556240,10868288,0,0,t3506
poly_simp_rel,1654269,615516,1038753,0,0,t3507
trans,527084,313128,213956,0,0,t3508
poly_simp,36332074,25749440,10582634,0,0,t3509
poly_simp_rel,1481396,573115,908281,0,0,t3510
cong,684435,411167,273268,0,0,t3511
trans,556434,288772,267662,0,0,t3512
resolution,1812219,390797,1421422,0,0,t3513
and,1294982,689756,605226,0,0,t3514
and_intro,353024,222887,130137,0,0,t3515
resolution,1157238,296892,860346,0,0,t3516
la_mult_neg,501472,437409,64063,0,0,t3517
implies,295463,241573,53890,0,0,t3518
rare_rewrite:bool-eq-true,911748,879290,32458,0,0,t3519
equiv1,274687,238962,35725,0,0,t3520
evaluate,2209603,1915879,293724,0,0,t3521
resolution,1166140,306972,859168,0,0,t3522
and_intro,249461,205354,44107,0,0,t3523
resolution,1032572,267496,765076,0,0,t3524
la_mult_pos,531644,463599,68045,0,0,t3525
implies,292723,246140,46583,0,0,t3526
rare_rewrite:bool-eq-true,838009,808590,29419,0,0,t3527
equiv1,263381,231331,32050,0,0,t3528
evaluate,2190619,1943309,247310,0,0,t3529
resolution,1313195,371136,942059,0,0,t3530
and_intro,284177,246122,38055,0,0,t3531
resolution,1042939,248228,794711,0,0,t3532
la_mult_pos,771331,590010,181321,0,0,t3533
implies,399703,264625,135078,0,0,t3534
rare_rewrite:bool-eq-true,978333,948013,30320,0,0,t3535
equiv1,285267,253236,32031,0,0,t3536
evaluate,2324013,1862837,461176,0,0,t3537
resolution,1164535,313179,851356,0,0,t3538
equiv_pos2,2118731,1899225,219506,0,0,t3539
rare_rewrite:arith-elim-leq,1102652,944892,157760,0,0,t3540
poly_simp,34832236,23567375,11264861,0,0,t3541
poly_simp_rel,1454409,650518,803891,0,0,t3542
trans,514815,324830,189985,0,0,t3543
symm,402294,220068,182226,0,0,t3544
equiv_pos2,769256,514951,254305,0,0,t3545
poly_simp,25239763,17499700,7740063,0,0,t3546
poly_simp,3136514,2523473,613041,0,0,t3547
poly_simp,2580751,2057404,523347,0,0,t3548
refl,306595,269126,37469,0,0,t3549
refl,246510,213939,32571,0,0,t3550
refl,220004,189790,30214,0,0,t3551
refl,211809,184781,27028,0,0,t3552
refl,226653,197837,28816,0,0,t3553
refl,221109,194828,26281,0,0,t3554
refl,200942,173493,27449,0,0,t3555
refl,204618,178284,26334,0,0,t3556
refl,203542,175861,27681,0,0,t3557
refl,212924,186377,26547,0,0,t3558
refl,194925,170694,24231,0,0,t3559
refl,197625,172582,25043,0,0,t3560
refl,204209,178117,26092,0,0,t3561
refl,225730,191653,34077,0,0,t3562
refl,220083,193072,27011,0,0,t3563
refl,215616,188435,27181,0,0,t3564
refl,209242,179334,29908,0,0,t3565
refl,226123,197025,29098,0,0,t3566
refl,207935,180264,27671,0,0,t3567
refl,203848,178836,25012,0,0,t3568
refl,200944,174747,26197,0,0,t3569
refl,213063,183194,29869,0,0,t3570
refl,202842,175190,27652,0,0,t3571
refl,202210,171906,30304,0,0,t3572
refl,207621,177939,29682,0,0,t3573
refl,209047,180692,28355,0,0,t3574
refl,201437,175445,25992,0,0,t3575
refl,201044,173122,27922,0,0,t3576
refl,200006,173239,26767,0,0,t3577
refl,204762,175177,29585,0,0,t3578
cong,1340173,862936,477237,0,0,t3579
poly_simp,25957578,17884475,8073103,0,0,t3580
trans,664730,502499,162231,0,0,t3581
trans,423134,279089,144045,0,0,t3582
cong,683971,515176,168795,0,0,t3583
equiv_pos2,671521,608514,63007,0,0,t3584
poly_simp,4407411,3238550,1168861,0,0,t3585
poly_simp_rel,628375,372793,255582,0,0,t3586
equiv_pos2,422859,359962,62897,0,0,t3587
poly_simp,2702980,1989584,713396,0,0,t3588
poly_simp,2621281,2048155,573126,0,0,t3589
refl,259647,249196,10451,0,0,t3590
cong,529071,447308,81763,0,0,t3591
poly_simp,3366836,2411102,955734,0,0,t3592
trans,368760,293356,75404,0,0,t3593
trans,285657,234426,51231,0,0,t3594
cong,349006,274000,75006,0,0,t3595
resolution,1877031,356212,1520819,0,0,t3596
resolution,1526897,312086,1214811,0,0,t3597
cong,469531,396119,73412,0,0,t3598
refl,266728,228631,38097,0,0,t3599
cong,1186457,730919,455538,0,0,t3600
cong,540615,376716,163899,0,0,t3601
poly_simp,3280999,2527650,753349,0,0,t3602
cong,1168097,770138,397959,0,0,t3603
poly_simp,22795309,16666249,6129060,0,0,t3604
trans,568543,414714,153829,0,0,t3605
cong,631782,468176,163606,0,0,t3606
trans,425517,286353,139164,0,0,t3607
rare_rewrite:arith-eq-elim-real,1202693,1059766,142927,0,0,t3608
semilattice_simp,5424577,4850954,573623,0,0,t3609
trans,437615,294485,143130,0,0,t3610
rare_rewrite:arith-elim-leq,898869,770569,128300,0,0,t3611
poly_simp,33804682,23837412,9967270,0,0,t3612
poly_simp_rel,1865433,769172,1096261,0,0,t3613
trans,490504,298769,191735,0,0,t3614
poly_simp,35421499,25049480,10372019,0,0,t3615
poly_simp_rel,1547243,649778,897465,0,0,t3616
cong,679706,416661,263045,0,0,t3617
trans,541744,275185,266559,0,0,t3618
resolution,1792309,387983,1404326,0,0,t3619
and,1310926,698263,612663,0,0,t3620
resolution,1683197,362316,1320881,0,0,t3621
and_intro,368958,226794,142164,0,0,t3622
resolution,1189184,277917,911267,0,0,t3623
la_mult_neg,516316,450965,65351,0,0,t3624
implies,310760,253793,56967,0,0,t3625
rare_rewrite:bool-eq-true,926727,889495,37232,0,0,t3626
equiv1,264930,229144,35786,0,0,t3627
evaluate,2227094,1950857,276237,0,0,t3628
resolution,1068607,290857,777750,0,0,t3629
and_intro,249598,205511,44087,0,0,t3630
resolution,1077051,260651,816400,0,0,t3631
la_mult_pos,479938,428355,51583,0,0,t3632
implies,281314,234733,46581,0,0,t3633
rare_rewrite:bool-eq-true,857340,825547,31793,0,0,t3634
equiv1,276465,244273,32192,0,0,t3635
evaluate,2000282,1788797,211485,0,0,t3636
resolution,1146618,292354,854264,0,0,t3637
and_intro,234058,196526,37532,0,0,t3638
resolution,1044744,266108,778636,0,0,t3639
la_mult_pos,703194,520316,182878,0,0,t3640
implies,439981,294045,145936,0,0,t3641
rare_rewrite:bool-eq-true,912912,883443,29469,0,0,t3642
equiv1,251273,220001,31272,0,0,t3643
evaluate,1938971,1760907,178064,0,0,t3644
resolution,1067590,285693,781897,0,0,t3645
equiv_pos2,1966649,1750686,215963,0,0,t3646
rare_rewrite:arith-elim-leq,1030879,887435,143444,0,0,t3647
poly_simp,32889570,22684408,10205162,0,0,t3648
poly_simp_rel,1341866,587463,754403,0,0,t3649
trans,535112,324269,210843,0,0,t3650
symm,405232,222144,183088,0,0,t3651
equiv_pos2,789301,525147,264154,0,0,t3652
poly_simp,25107332,17654332,7453000,0,0,t3653
poly_simp,3441331,2817506,623825,0,0,t3654
poly_simp,2825354,2180859,644495,0,0,t3655
refl,315891,278366,37525,0,0,t3656
refl,240804,206313,34491,0,0,t3657
refl,239710,208397,31313,0,0,t3658
refl,215760,187631,28129,0,0,t3659
refl,211247,180936,30311,0,0,t3660
refl,215140,186728,28412,0,0,t3661
refl,211830,180829,31001,0,0,t3662
refl,219863,192207,27656,0,0,t3663
refl,209526,181098,28428,0,0,t3664
refl,201990,174498,27492,0,0,t3665
refl,230221,200560,29661,0,0,t3666
refl,200426,174367,26059,0,0,t3667
refl,217761,186887,30874,0,0,t3668
refl,211212,181507,29705,0,0,t3669
refl,210707,185359,25348,0,0,t3670
refl,211663,182502,29161,0,0,t3671
refl,216444,187585,28859,0,0,t3672
refl,200151,174133,26018,0,0,t3673
refl,209008,182314,26694,0,0,t3674
refl,215533,185367,30166,0,0,t3675
refl,206978,179325,27653,0,0,t3676
refl,209855,181777,28078,0,0,t3677
refl,217806,192435,25371,0,0,t3678
refl,199393,172633,26760,0,0,t3679
refl,210775,184590,26185,0,0,t3680
refl,210469,185295,25174,0,0,t3681
refl,232766,203083,29683,0,0,t3682
refl,212055,186297,25758,0,0,t3683
refl,199038,172181,26857,0,0,t3684
refl,219366,188978,30388,0,0,t3685
cong,1341481,860196,481285,0,0,t3686
poly_simp,25969530,18333745,7635785,0,0,t3687
trans,605028,442900,162128,0,0,t3688
trans,437931,296651,141280,0,0,t3689
cong,658273,489959,168314,0,0,t3690
equiv_pos2,678570,612926,65644,0,0,t3691
poly_simp,4374131,3272927,1101204,0,0,t3692
poly_simp_rel,656480,394631,261849,0,0,t3693
equiv_pos2,501314,431237,70077,0,0,t3694
poly_simp,2739896,2098217,641679,0,0,t3695
poly_simp,2522647,1959302,563345,0,0,t3696
refl,262733,252611,10122,0,0,t3697
cong,514874,434254,80620,0,0,t3698
poly_simp,3537314,2357946,1179368,0,0,t3699
trans,355396,292144,63252,0,0,t3700
trans,281761,227329,54432,0,0,t3701
cong,367531,285109,82422,0,0,t3702
resolution,1665879,361765,1304114,0,0,t3703
resolution,1585583,302593,1282990,0,0,t3704
cong,480457,406195,74262,0,0,t3705
refl,250005,212924,37081,0,0,t3706
cong,1205407,743068,462339,0,0,t3707
cong,557994,397719,160275,0,0,t3708
poly_simp,3453113,2601473,851640,0,0,t3709
cong,1269324,810683,458641,0,0,t3710
poly_simp,23507736,16938962,6568774,0,0,t3711
trans,674572,528036,146536,0,0,t3712
cong,665904,509180,156724,0,0,t3713
trans,401563,267897,133666,0,0,t3714
rare_rewrite:arith-eq-elim-real,1281456,1140921,140535,0,0,t3715
semilattice_simp,5580464,5013455,567009,0,0,t3716
trans,427376,280735,146641,0,0,t3717
rare_rewrite:arith-elim-leq,996443,837470,158973,0,0,t3718
poly_simp,34523665,24114406,10409259,0,0,t3719
poly_simp_rel,2201148,1071991,1129157,0,0,t3720
trans,532582,334835,197747,0,0,t3721
poly_simp,34915132,24214123,10701009,0,0,t3722
poly_simp_rel,1826185,878427,947758,0,0,t3723
cong,801293,541680,259613,0,0,t3724
trans,514878,271519,243359,0,0,t3725
resolution,1818655,400533,1418122,0,0,t3726
and,1259753,687197,572556,0,0,t3727
resolution,1649524,334260,1315264,0,0,t3728
and_intro,368226,232423,135803,0,0,t3729
resolution,1158378,307170,851208,0,0,t3730
la_mult_pos,512420,450262,62158,0,0,t3731
implies,294523,243404,51119,0,0,t3732
rare_rewrite:bool-eq-true,923706,894033,29673,0,0,t3733
equiv1,254428,224019,30409,0,0,t3734
evaluate,2179295,1871417,307878,0,0,t3735
resolution,1188834,316456,872378,0,0,t3736
and_intro,257591,212122,45469,0,0,t3737
resolution,1117001,261717,855284,0,0,t3738
la_mult_neg,523397,462797,60600,0,0,t3739
implies,305377,254459,50918,0,0,t3740
rare_rewrite:bool-eq-true,843676,811159,32517,0,0,t3741
equiv1,257744,221988,35756,0,0,t3742
evaluate,2118423,1838422,280001,0,0,t3743
resolution,1165224,316824,848400,0,0,t3744
and_intro,246008,206281,39727,0,0,t3745
resolution,1077437,268716,808721,0,0,t3746
la_mult_pos,692946,526064,166882,0,0,t3747
implies,391967,257936,134031,0,0,t3748
rare_rewrite:bool-eq-true,817555,790260,27295,0,0,t3749
equiv1,252210,223422,28788,0,0,t3750
evaluate,1980411,1714233,266178,0,0,t3751
resolution,1104282,285005,819277,0,0,t3752
equiv_pos2,2201794,1979782,222012,0,0,t3753
rare_rewrite:arith-elim-leq,1039810,880829,158981,0,0,t3754
poly_simp,34452997,23689758,10763239,0,0,t3755
poly_simp_rel,1480620,678660,801960,0,0,t3756
trans,540362,327000,213362,0,0,t3757
symm,423986,229775,194211,0,0,t3758
equiv_pos2,813837,534568,279269,0,0,t3759
poly_simp,25476787,17908052,7568735,0,0,t3760
poly_simp,3110077,2489982,620095,0,0,t3761
poly_simp,2614367,2063638,550729,0,0,t3762
refl,288657,252009,36648,0,0,t3763
refl,251951,215653,36298,0,0,t3764
refl,251349,220668,30681,0,0,t3765
refl,233979,202459,31520,0,0,t3766
refl,213716,184167,29549,0,0,t3767
refl,215444,186017,29427,0,0,t3768
refl,216627,188235,28392,0,0,t3769
refl,225981,197295,28686,0,0,t3770
refl,205511,178755,26756,0,0,t3771
refl,219935,193457,26478,0,0,t3772
refl,208906,180102,28804,0,0,t3773
refl,211906,185507,26399,0,0,t3774
refl,207831,182127,25704,0,0,t3775
refl,209950,180854,29096,0,0,t3776
refl,223139,193954,29185,0,0,t3777
refl,221582,190500,31082,0,0,t3778
refl,207582,178592,28990,0,0,t3779
refl,209937,181777,28160,0,0,t3780
refl,206382,177487,28895,0,0,t3781
refl,224083,190925,33158,0,0,t3782
refl,209558,182183,27375,0,0,t3783
refl,204920,178537,26383,0,0,t3784
refl,212832,186552,26280,0,0,t3785
refl,204816,175544,29272,0,0,t3786
refl,215627,188683,26944,0,0,t3787
refl,232847,204086,28761,0,0,t3788
refl,212002,183035,28967,0,0,t3789
refl,209369,179522,29847,0,0,t3790
refl,198165,172123,26042,0,0,t3791
refl,202963,177171,25792,0,0,t3792
cong,1337041,839089,497952,0,0,t3793
poly_simp,25805377,18255971,7549406,0,0,t3794
trans,543394,385105,158289,0,0,t3795
trans,426506,287172,139334,0,0,t3796
cong,635578,472304,163274,0,0,t3797
poly_simp,23275008,17111666,6163342,0,0,t3798
poly_simp_rel,1696963,838086,858877,0,0,t3799
trans,505518,351911,153607,0,0,t3800
equiv_pos2,697663,630316,67347,0,0,t3801
poly_simp,4694969,3314893,1380076,0,0,t3802
poly_simp_rel,688316,415605,272711,0,0,t3803
equiv_pos2,448401,382508,65893,0,0,t3804
poly_simp,2849259,2146116,703143,0,0,t3805
poly_simp,2647297,2018423,628874,0,0,t3806
refl,256115,245671,10444,0,0,t3807
cong,524177,443652,80525,0,0,t3808
poly_simp,3339280,2415181,924099,0,0,t3809
trans,338381,278465,59916,0,0,t3810
trans,320088,265339,54749,0,0,t3811
cong,367641,291570,76071,0,0,t3812
resolution,1662600,360973,1301627,0,0,t3813
resolution,1568523,295414,1273109,0,0,t3814
cong,479356,404971,74385,0,0,t3815
refl,256413,220221,36192,0,0,t3816
cong,1162202,741549,420653,0,0,t3817
cong,529315,381557,147758,0,0,t3818
poly_simp,3403289,2549270,854019,0,0,t3819
cong,1194613,789433,405180,0,0,t3820
poly_simp,23171908,16892306,6279602,0,0,t3821
trans,529231,379340,149891,0,0,t3822
cong,642159,483071,159088,0,0,t3823
trans,429649,296376,133273,0,0,t3824
rare_rewrite:arith-eq-elim-real,1198291,1067411,130880,0,0,t3825
semilattice_simp,5633852,5065276,568576,0,0,t3826
trans,429261,292551,136710,0,0,t3827
rare_rewrite:arith-elim-leq,925362,801644,123718,0,0,t3828
poly_simp,36385875,25337206,11048669,0,0,t3829
poly_simp_rel,1744962,662602,1082360,0,0,t3830
trans,498890,305674,193216,0,0,t3831
poly_simp,36925949,25185947,11740002,0,0,t3832
poly_simp_rel,1569669,669829,899840,0,0,t3833
cong,741747,464183,277564,0,0,t3834
trans,540251,285373,254878,0,0,t3835
resolution,1917852,400912,1516940,0,0,t3836
and,1584337,951580,632757,0,0,t3837
resolution,1866881,465458,1401423,0,0,t3838
and_intro,453342,305198,148144,0,0,t3839
resolution,1298730,337967,960763,0,0,t3840
la_mult_pos,659521,598281,61240,0,0,t3841
implies,307079,256152,50927,0,0,t3842
rare_rewrite:bool-eq-true,962520,932422,30098,0,0,t3843
equiv1,280179,239849,40330,0,0,t3844
evaluate,2486344,2048577,437767,0,0,t3845
resolution,1145222,308240,836982,0,0,t3846
and_intro,245275,204198,41077,0,0,t3847
resolution,1079961,261784,818177,0,0,t3848
la_mult_neg,526878,467841,59037,0,0,t3849
implies,284688,237798,46890,0,0,t3850
rare_rewrite:bool-eq-true,843390,814163,29227,0,0,t3851
equiv1,277810,243587,34223,0,0,t3852
evaluate,2163907,1930593,233314,0,0,t3853
resolution,1193095,311522,881573,0,0,t3854
and_intro,241959,203830,38129,0,0,t3855
resolution,1108956,258666,850290,0,0,t3856
la_mult_pos,730007,570818,159189,0,0,t3857
implies,398632,270656,127976,0,0,t3858
rare_rewrite:bool-eq-true,842768,814372,28396,0,0,t3859
equiv1,276760,241656,35104,0,0,t3860
evaluate,2014026,1829232,184794,0,0,t3861
resolution,1134485,294960,839525,0,0,t3862
equiv_pos2,2267133,2016320,250813,0,0,t3863
rare_rewrite:arith-elim-leq,1036636,891581,145055,0,0,t3864
poly_simp,32769034,22579155,10189879,0,0,t3865
poly_simp_rel,1311907,580671,731236,0,0,t3866
trans,481672,298885,182787,0,0,t3867
symm,394535,211124,183411,0,0,t3868
equiv_pos2,766619,516481,250138,0,0,t3869
poly_simp,25949513,18163301,7786212,0,0,t3870
poly_simp,3373929,2778729,595200,0,0,t3871
poly_simp,2507516,2003589,503927,0,0,t3872
refl,318556,278868,39688,0,0,t3873
refl,246087,212152,33935,0,0,t3874
refl,218036,190245,27791,0,0,t3875
refl,238240,203815,34425,0,0,t3876
refl,222143,195269,26874,0,0,t3877
refl,214324,185237,29087,0,0,t3878
refl,215416,188456,26960,0,0,t3879
refl,212383,185076,27307,0,0,t3880
refl,213195,185539,27656,0,0,t3881
refl,235883,205412,30471,0,0,t3882
refl,212117,186107,26010,0,0,t3883
refl,216306,186920,29386,0,0,t3884
refl,212936,184297,28639,0,0,t3885
refl,224711,194749,29962,0,0,t3886
refl,230273,203061,27212,0,0,t3887
refl,213787,184805,28982,0,0,t3888
refl,225398,194186,31212,0,0,t3889
refl,218484,189699,28785,0,0,t3890
refl,217663,187810,29853,0,0,t3891
refl,219263,188310,30953,0,0,t3892
refl,214360,183899,30461,0,0,t3893
refl,221634,195038,26596,0,0,t3894
refl,240893,212880,28013,0,0,t3895
refl,237494,206145,31349,0,0,t3896
refl,209204,182376,26828,0,0,t3897
refl,209022,179159,29863,0,0,t3898
refl,211690,185503,26187,0,0,t3899
refl,205766,179825,25941,0,0,t3900
refl,208096,178457,29639,0,0,t3901
refl,214398,186888,27510,0,0,t3902
cong,1405613,901361,504252,0,0,t3903
poly_simp,25927920,18243327,7684593,0,0,t3904
trans,725017,558714,166303,0,0,t3905
trans,438521,297661,140860,0,0,t3906
cong,788167,608191,179976,0,0,t3907
poly_simp,23341128,17060575,6280553,0,0,t3908
poly_simp_rel,1456465,611631,844834,0,0,t3909
trans,461072,307623,153449,0,0,t3910
equiv_pos2,642054,578886,63168,0,0,t3911
poly_simp,4098854,2964367,1134487,0,0,t3912
poly_simp_rel,585423,343863,241560,0,0,t3913
equiv_pos2,411278,349535,61743,0,0,t3914
poly_simp,2678975,2008517,670458,0,0,t3915
poly_simp,2621397,1994720,626677,0,0,t3916
refl,268713,256328,12385,0,0,t3917
cong,541009,460040,80969,0,0,t3918
poly_simp,3320232,2375523,944709,0,0,t3919
trans,386360,324147,62213,0,0,t3920
trans,303144,247535,55609,0,0,t3921
cong,411616,331931,79685,0,0,t3922
resolution,1884852,375540,1509312,0,0,t3923
resolution,1628549,358259,1270290,0,0,t3924
cong,621364,537222,84142,0,0,t3925
refl,262758,224432,38326,0,0,t3926
cong,1220235,767755,452480,0,0,t3927
cong,553676,400941,152735,0,0,t3928
poly_simp,4118626,2996711,1121915,0,0,t3929
cong,1190036,782422,407614,0,0,t3930
poly_simp,23921112,17199481,6721631,0,0,t3931
trans,707382,555241,152141,0,0,t3932
cong,690295,534772,155523,0,0,t3933
trans,407677,277810,129867,0,0,t3934
rare_rewrite:arith-eq-elim-real,1323225,1180366,142859,0,0,t3935
semilattice_simp,6003087,5405355,597732,0,0,t3936
trans,464010,314236,149774,0,0,t3937
rare_rewrite:arith-elim-leq,1059554,903403,156151,0,0,t3938
poly_simp,38488700,26542549,11946151,0,0,t3939
poly_simp_rel,2207446,959941,1247505,0,0,t3940
trans,550933,336237,214696,0,0,t3941
poly_simp,40690065,25193926,15496139,0,0,t3942
poly_simp_rel,2051588,1088813,962775,0,0,t3943
cong,1224521,762429,462092,0,0,t3944
trans,521840,270266,251574,0,0,t3945
resolution,2435747,614555,1821192,0,0,t3946
and,1523819,937858,585961,0,0,t3947
resolution,2007936,493821,1514115,0,0,t3948
and_intro,554687,348128,206559,0,0,t3949
resolution,1238870,396903,841967,0,0,t3950
la_mult_pos,694144,596450,97694,0,0,t3951
implies,374671,324455,50216,0,0,t3952
rare_rewrite:bool-eq-true,936536,905550,30986,0,0,t3953
equiv1,408948,363552,45396,0,0,t3954
evaluate,2498968,2132096,366872,0,0,t3955
resolution,1057353,288995,768358,0,0,t3956
and_intro,239816,198140,41676,0,0,t3957
resolution,1005083,258531,746552,0,0,t3958
la_mult_neg,494679,436972,57707,0,0,t3959
implies,279894,235105,44789,0,0,t3960
rare_rewrite:bool-eq-true,837290,800761,36529,0,0,t3961
equiv1,320924,280617,40307,0,0,t3962
evaluate,2055606,1776271,279335,0,0,t3963
resolution,1114165,291743,822422,0,0,t3964
and_intro,235764,197126,38638,0,0,t3965
resolution,1087571,276212,811359,0,0,t3966
la_mult_pos,659418,495500,163918,0,0,t3967
implies,415828,277717,138111,0,0,t3968
rare_rewrite:bool-eq-true,816885,786391,30494,0,0,t3969
equiv1,263110,232901,30209,0,0,t3970
evaluate,2017651,1742820,274831,0,0,t3971
resolution,1105065,301992,803073,0,0,t3972
equiv_pos2,2087441,1849848,237593,0,0,t3973
rare_rewrite:arith-elim-leq,988955,851290,137665,0,0,t3974
poly_simp,32121995,22091454,10030541,0,0,t3975
poly_simp_rel,1336723,570809,765914,0,0,t3976
trans,488299,305796,182503,0,0,t3977
symm,397779,219261,178518,0,0,t3978
equiv_pos2,755038,503139,251899,0,0,t3979
poly_simp,24875811,17572828,7302983,0,0,t3980
poly_simp,3187835,2539738,648097,0,0,t3981
poly_simp,3041653,2497844,543809,0,0,t3982
refl,379808,338861,40947,0,0,t3983
refl,257506,218855,38651,0,0,t3984
refl,226590,195285,31305,0,0,t3985
refl,230710,202146,28564,0,0,t3986
refl,221631,191548,30083,0,0,t3987
refl,218355,187903,30452,0,0,t3988
refl,213752,185393,28359,0,0,t3989
refl,282525,189655,92870,0,0,t3990
refl,242867,214435,28432,0,0,t3991
refl,212017,181461,30556,0,0,t3992
refl,217906,187116,30790,0,0,t3993
refl,222061,196242,25819,0,0,t3994
refl,213719,187208,26511,0,0,t3995
refl,213461,184543,28918,0,0,t3996
refl,218598,191256,27342,0,0,t3997
refl,208140,181388,26752,0,0,t3998
refl,211904,182957,28947,0,0,t3999
refl,216078,186612,29466,0,0,t4000
refl,219147,186326,32821,0,0,t4001
refl,214411,184518,29893,0,0,t4002
refl,213254,187857,25397,0,0,t4003
refl,224669,195249,29420,0,0,t4004
refl,216181,186148,30033,0,0,t4005
refl,202789,177592,25197,0,0,t4006
refl,207241,179830,27411,0,0,t4007
refl,225226,195435,29791,0,0,t4008
refl,211402,185271,26131,0,0,t4009
refl,203074,176800,26274,0,0,t4010
refl,219637,191466,28171,0,0,t4011
refl,207147,182288,24859,0,0,t4012
cong,1387930,897756,490174,0,0,t4013
poly_simp,27941165,18576782,9364383,0,0,t4014
trans,562789,397846,164943,0,0,t4015
trans,420808,280461,140347,0,0,t4016
cong,637736,472559,165177,0,0,t4017
poly_simp,23128500,17012298,6116202,0,0,t4018
poly_simp_rel,1391825,578863,812962,0,0,t4019
trans,474587,315472,159115,0,0,t4020
equiv_pos2,642361,577742,64619,0,0,t4021
poly_simp,4065905,3006697,1059208,0,0,t4022
poly_simp_rel,596732,347955,248777,0,0,t4023
equiv_pos2,449786,378742,71044,0,0,t4024
poly_simp,2690879,2095091,595788,0,0,t4025
poly_simp,2477796,1980723,497073,0,0,t4026
refl,258563,248722,9841,0,0,t4027
cong,517186,437467,79719,0,0,t4028
poly_simp,3246703,2326590,920113,0,0,t4029
trans,333988,275654,58334,0,0,t4030
trans,287715,230527,57188,0,0,t4031
cong,372520,294313,78207,0,0,t4032
resolution,1672964,350396,1322568,0,0,t4033
resolution,1559462,313207,1246255,0,0,t4034
cong,491745,413410,78335,0,0,t4035
refl,238401,203517,34884,0,0,t4036
cong,1185418,751536,433882,0,0,t4037
cong,529852,379318,150534,0,0,t4038
poly_simp,3204580,2445218,759362,0,0,t4039
cong,1195661,772679,422982,0,0,t4040
poly_simp,23704507,17155517,6548990,0,0,t4041
trans,663097,516377,146720,0,0,t4042
cong,689617,532185,157432,0,0,t4043
trans,422217,292474,129743,0,0,t4044
rare_rewrite:arith-eq-elim-real,1232791,1107562,125229,0,0,t4045
semilattice_simp,5574993,5030261,544732,0,0,t4046
trans,438350,301671,136679,0,0,t4047
rare_rewrite:arith-elim-leq,957386,835998,121388,0,0,t4048
poly_simp,37417818,26646935,10770883,0,0,t4049
poly_simp_rel,1649648,587273,1062375,0,0,t4050
trans,527422,318644,208778,0,0,t4051
poly_simp,37133897,26305360,10828537,0,0,t4052
poly_simp_rel,1598837,702933,895904,0,0,t4053
cong,728020,448394,279626,0,0,t4054
trans,547426,273248,274178,0,0,t4055
resolution,1873935,407159,1466776,0,0,t4056
and,1294303,719120,575183,0,0,t4057
resolution,1674532,340851,1333681,0,0,t4058
and_intro,375331,238736,136595,0,0,t4059
resolution,1146546,285050,861496,0,0,t4060
la_mult_pos,517345,454728,62617,0,0,t4061
implies,292245,241845,50400,0,0,t4062
rare_rewrite:bool-eq-true,914265,884382,29883,0,0,t4063
equiv1,269955,239650,30305,0,0,t4064
evaluate,2398961,1935726,463235,0,0,t4065
resolution,1104138,305378,798760,0,0,t4066
and_intro,261722,215167,46555,0,0,t4067
resolution,1071504,255420,816084,0,0,t4068
la_mult_neg,522731,461110,61621,0,0,t4069
implies,308787,259103,49684,0,0,t4070
rare_rewrite:bool-eq-true,848967,820571,28396,0,0,t4071
equiv1,289659,255670,33989,0,0,t4072
evaluate,2170073,1840087,329986,0,0,t4073
resolution,1206685,366313,840372,0,0,t4074
and_intro,271980,232277,39703,0,0,t4075
resolution,1119564,272329,847235,0,0,t4076
la_mult_pos,791696,615119,176577,0,0,t4077
implies,406468,274542,131926,0,0,t4078
rare_rewrite:bool-eq-true,1016463,976732,39731,0,0,t4079
equiv1,293903,260366,33537,0,0,t4080
evaluate,2329563,2020552,309011,0,0,t4081
resolution,1284815,327087,957728,0,0,t4082
equiv_pos2,2277186,2043413,233773,0,0,t4083
rare_rewrite:arith-elim-leq,1155841,1011958,143883,0,0,t4084
poly_simp,33776022,23435614,10340408,0,0,t4085
poly_simp_rel,1670342,869333,801009,0,0,t4086
trans,494405,297215,197190,0,0,t4087
symm,423865,222456,201409,0,0,t4088
equiv_pos2,774731,505990,268741,0,0,t4089
poly_simp,25477822,17975484,7502338,0,0,t4090
poly_simp,3406491,2967189,439302,0,0,t4091
poly_simp,2588476,2058756,529720,0,0,t4092
refl,297282,260295,36987,0,0,t4093
refl,252066,223126,28940,0,0,t4094
refl,223560,196104,27456,0,0,t4095
refl,225295,195279,30016,0,0,t4096
refl,222929,193984,28945,0,0,t4097
refl,220085,194108,25977,0,0,t4098
refl,217157,191087,26070,0,0,t4099
refl,226888,195221,31667,0,0,t4100
refl,219226,190906,28320,0,0,t4101
refl,213203,184785,28418,0,0,t4102
refl,207874,183336,24538,0,0,t4103
refl,202681,177344,25337,0,0,t4104
refl,225318,192661,32657,0,0,t4105
refl,224621,196770,27851,0,0,t4106
refl,216348,189184,27164,0,0,t4107
refl,223811,196077,27734,0,0,t4108
refl,213841,185851,27990,0,0,t4109
refl,208102,182616,25486,0,0,t4110
refl,210025,185422,24603,0,0,t4111
refl,208745,181508,27237,0,0,t4112
refl,230142,197429,32713,0,0,t4113
refl,212259,185297,26962,0,0,t4114
refl,211321,181803,29518,0,0,t4115
refl,203653,178629,25024,0,0,t4116
refl,213012,185147,27865,0,0,t4117
refl,222629,194094,28535,0,0,t4118
refl,225396,192562,32834,0,0,t4119
refl,214697,185659,29038,0,0,t4120
refl,221456,191589,29867,0,0,t4121
refl,212784,185662,27122,0,0,t4122
cong,1580316,1044681,535635,0,0,t4123
poly_simp,26191469,18278866,7912603,0,0,t4124
trans,729090,555922,173168,0,0,t4125
trans,434952,289805,145147,0,0,t4126
cong,708550,539829,168721,0,0,t4127
poly_simp,23846316,17621912,6224404,0,0,t4128
poly_simp_rel,1408538,617483,791055,0,0,t4129
trans,458628,305789,152839,0,0,t4130
equiv_pos2,672765,610947,61818,0,0,t4131
poly_simp,4352610,3222763,1129847,0,0,t4132
poly_simp_rel,664205,410569,253636,0,0,t4133
equiv_pos2,445026,383295,61731,0,0,t4134
poly_simp,2871546,2120899,750647,0,0,t4135
poly_simp,2547534,2036048,511486,0,0,t4136
refl,274686,262657,12029,0,0,t4137
cong,530876,442631,88245,0,0,t4138
poly_simp,3377876,2346479,1031397,0,0,t4139
trans,348662,287743,60919,0,0,t4140
trans,302960,247547,55413,0,0,t4141
cong,387417,301357,86060,0,0,t4142
resolution,1760162,408638,1351524,0,0,t4143
resolution,1554417,298657,1255760,0,0,t4144
cong,505183,427734,77449,0,0,t4145
refl,250090,211356,38734,0,0,t4146
cong,1196961,756972,439989,0,0,t4147
cong,572834,409076,163758,0,0,t4148
poly_simp,3443254,2581276,861978,0,0,t4149
cong,1243347,805410,437937,0,0,t4150
poly_simp,23668957,17296026,6372931,0,0,t4151
trans,547649,388694,158955,0,0,t4152
cong,646412,497615,148797,0,0,t4153
trans,403558,276695,126863,0,0,t4154
rare_rewrite:arith-eq-elim-real,1327374,1196875,130499,0,0,t4155
semilattice_simp,5618842,5028664,590178,0,0,t4156
trans,439080,302316,136764,0,0,t4157
rare_rewrite:arith-elim-leq,1039210,906893,132317,0,0,t4158
poly_simp,37911802,27213455,10698347,0,0,t4159
poly_simp_rel,2192748,1081846,1110902,0,0,t4160
trans,506014,315250,190764,0,0,t4161
poly_simp,37330571,26054546,11276025,0,0,t4162
poly_simp_rel,1481445,628917,852528,0,0,t4163
cong,682172,415789,266383,0,0,t4164
trans,558630,291242,267388,0,0,t4165
resolution,1865735,410976,1454759,0,0,t4166
and,1286794,697054,589740,0,0,t4167
resolution,1728628,333558,1395070,0,0,t4168
and_intro,366205,225584,140621,0,0,t4169
resolution,1160253,294015,866238,0,0,t4170
la_mult_pos,531737,471135,60602,0,0,t4171
implies,291739,241955,49784,0,0,t4172
rare_rewrite:bool-eq-true,955680,922889,32791,0,0,t4173
equiv1,283366,250022,33344,0,0,t4174
evaluate,2276999,1945852,331147,0,0,t4175
resolution,1114343,317042,797301,0,0,t4176
and_intro,246000,202895,43105,0,0,t4177
resolution,1058520,268200,790320,0,0,t4178
la_mult_neg,516148,456681,59467,0,0,t4179
implies,294645,247947,46698,0,0,t4180
rare_rewrite:bool-eq-true,837253,807358,29895,0,0,t4181
equiv1,278049,241429,36620,0,0,t4182
evaluate,2110639,1856448,254191,0,0,t4183
resolution,1107836,303536,804300,0,0,t4184
and_intro,256520,218381,38139,0,0,t4185
resolution,1148483,286332,862151,0,0,t4186
la_mult_pos,675999,517234,158765,0,0,t4187
implies,410162,284320,125842,0,0,t4188
rare_rewrite:bool-eq-true,855830,823571,32259,0,0,t4189
equiv1,275482,244561,30921,0,0,t4190
evaluate,2256812,2100199,156613,0,0,t4191
resolution,1082609,284111,798498,0,0,t4192
equiv_pos2,2396373,2130674,265699,0,0,t4193
rare_rewrite:arith-elim-leq,1047424,916797,130627,0,0,t4194
poly_simp,33679164,23207470,10471694,0,0,t4195
poly_simp_rel,1928811,1179387,749424,0,0,t4196
trans,486224,302664,183560,0,0,t4197
symm,413995,239239,174756,0,0,t4198
equiv_pos2,758233,521967,236266,0,0,t4199
poly_simp,25144925,17783514,7361411,0,0,t4200
poly_simp,3592511,3028956,563555,0,0,t4201
poly_simp,2550599,2020595,530004,0,0,t4202
refl,296070,260844,35226,0,0,t4203
refl,256039,226027,30012,0,0,t4204
refl,238325,203744,34581,0,0,t4205
refl,230692,200979,29713,0,0,t4206
refl,228811,198357,30454,0,0,t4207
refl,229297,199632,29665,0,0,t4208
refl,218755,187534,31221,0,0,t4209
refl,227149,196496,30653,0,0,t4210
refl,228124,198859,29265,0,0,t4211
refl,236304,206808,29496,0,0,t4212
refl,216801,191071,25730,0,0,t4213
refl,221350,191101,30249,0,0,t4214
refl,217891,191386,26505,0,0,t4215
refl,216289,189490,26799,0,0,t4216
refl,217207,190985,26222,0,0,t4217
refl,242482,211903,30579,0,0,t4218
refl,225949,194789,31160,0,0,t4219
refl,227551,200186,27365,0,0,t4220
refl,228653,199841,28812,0,0,t4221
refl,214503,186633,27870,0,0,t4222
refl,216450,188929,27521,0,0,t4223
refl,214157,187512,26645,0,0,t4224
refl,219662,193455,26207,0,0,t4225
refl,224836,194911,29925,0,0,t4226
refl,219195,191752,27443,0,0,t4227
refl,212927,185682,27245,0,0,t4228
refl,203006,177400,25606,0,0,t4229
refl,213924,186378,27546,0,0,t4230
refl,208650,181321,27329,0,0,t4231
refl,209796,183743,26053,0,0,t4232
cong,1428856,920113,508743,0,0,t4233
poly_simp,26306138,18186857,8119281,0,0,t4234
trans,626869,461580,165289,0,0,t4235
trans,428327,287870,140457,0,0,t4236
cong,661809,499020,162789,0,0,t4237
poly_simp,23373449,17205921,6167528,0,0,t4238
poly_simp_rel,1536884,684418,852466,0,0,t4239
trans,476272,326213,150059,0,0,t4240
equiv_pos2,713073,649398,63675,0,0,t4241
poly_simp,4704759,3332231,1372528,0,0,t4242
poly_simp_rel,701441,447945,253496,0,0,t4243
equiv_pos2,548836,485382,63454,0,0,t4244
poly_simp,3147439,2259641,887798,0,0,t4245
poly_simp,2641764,2046823,594941,0,0,t4246
refl,292771,280993,11778,0,0,t4247
cong,535285,451667,83618,0,0,t4248
poly_simp,3411044,2422444,988600,0,0,t4249
trans,355384,288386,66998,0,0,t4250
trans,302234,238946,63288,0,0,t4251
cong,418072,323511,94561,0,0,t4252
resolution,1681452,372763,1308689,0,0,t4253
resolution,1606991,325509,1281482,0,0,t4254
cong,536369,461330,75039,0,0,t4255
refl,276288,234689,41599,0,0,t4256
cong,1197740,775252,422488,0,0,t4257
cong,576779,419653,157126,0,0,t4258
poly_simp,3424027,2530160,893867,0,0,t4259
cong,1205287,795389,409898,0,0,t4260
poly_simp,23260440,17040796,6219644,0,0,t4261
trans,555794,405956,149838,0,0,t4262
cong,659906,508964,150942,0,0,t4263
trans,415938,287866,128072,0,0,t4264
rare_rewrite:arith-eq-elim-real,1302271,1176986,125285,0,0,t4265
semilattice_simp,5558454,5006189,552265,0,0,t4266
trans,453425,304678,148747,0,0,t4267
rare_rewrite:arith-elim-leq,980675,845658,135017,0,0,t4268
poly_simp,35393642,25174450,10219192,0,0,t4269
poly_simp_rel,2114875,989996,1124879,0,0,t4270
trans,494088,304488,189600,0,0,t4271
poly_simp,34088910,23544867,10544043,0,0,t4272
poly_simp_rel,1693156,813980,879176,0,0,t4273
cong,684390,430268,254122,0,0,t4274
trans,552114,295819,256295,0,0,t4275
resolution,1855022,421256,1433766,0,0,t4276
and,1322132,729309,592823,0,0,t4277
resolution,1770037,395349,1374688,0,0,t4278
and_intro,374357,231922,142435,0,0,t4279
resolution,1160026,293730,866296,0,0,t4280
la_mult_pos,549894,486179,63715,0,0,t4281
implies,315786,262883,52903,0,0,t4282
rare_rewrite:bool-eq-true,937265,906182,31083,0,0,t4283
equiv1,285448,254618,30830,0,0,t4284
evaluate,2303576,1950788,352788,0,0,t4285
resolution,1130942,309632,821310,0,0,t4286
and_intro,247810,205081,42729,0,0,t4287
resolution,1072521,276053,796468,0,0,t4288
la_mult_neg,510032,448773,61259,0,0,t4289
implies,283872,238216,45656,0,0,t4290
rare_rewrite:bool-eq-true,837434,802880,34554,0,0,t4291
equiv1,294147,258527,35620,0,0,t4292
evaluate,2055731,1842622,213109,0,0,t4293
resolution,1153147,300118,853029,0,0,t4294
and_intro,243466,205057,38409,0,0,t4295
resolution,1241156,277357,963799,0,0,t4296
la_mult_pos,689239,528920,160319,0,0,t4297
implies,412180,279164,133016,0,0,t4298
rare_rewrite:bool-eq-true,811291,782189,29102,0,0,t4299
equiv1,280398,247041,33357,0,0,t4300
evaluate,1951741,1746539,205202,0,0,t4301
resolution,1107648,298721,808927,0,0,t4302
equiv_pos2,2253208,2021815,231393,0,0,t4303
rare_rewrite:arith-elim-leq,1077212,931143,146069,0,0,t4304
poly_simp,32774104,22595244,10178860,0,0,t4305
poly_simp_rel,1488550,695928,792622,0,0,t4306
trans,540516,350861,189655,0,0,t4307
symm,402015,223778,178237,0,0,t4308
equiv_pos2,811733,536669,275064,0,0,t4309
poly_simp,25752607,18039123,7713484,0,0,t4310
poly_simp,3699002,3081297,617705,0,0,t4311
poly_simp,2663576,2126604,536972,0,0,t4312
refl,298715,262088,36627,0,0,t4313
refl,259230,220169,39061,0,0,t4314
refl,237152,208041,29111,0,0,t4315
refl,242350,209792,32558,0,0,t4316
refl,225244,196228,29016,0,0,t4317
refl,226428,199879,26549,0,0,t4318
refl,212772,186636,26136,0,0,t4319
refl,210475,182540,27935,0,0,t4320
refl,213580,186147,27433,0,0,t4321
refl,218942,193034,25908,0,0,t4322
refl,211200,183875,27325,0,0,t4323
refl,236269,209409,26860,0,0,t4324
refl,224555,192422,32133,0,0,t4325
refl,226627,195634,30993,0,0,t4326
refl,212755,185401,27354,0,0,t4327
refl,225692,194781,30911,0,0,t4328
refl,221281,191939,29342,0,0,t4329
refl,207581,182141,25440,0,0,t4330
refl,233750,203919,29831,0,0,t4331
refl,228169,196421,31748,0,0,t4332
refl,245927,216435,29492,0,0,t4333
refl,222297,193380,28917,0,0,t4334
refl,223618,195049,28569,0,0,t4335
refl,216225,187165,29060,0,0,t4336
refl,212629,185264,27365,0,0,t4337
refl,211421,185397,26024,0,0,t4338
refl,223491,191782,31709,0,0,t4339
refl,217228,188320,28908,0,0,t4340
refl,224334,194248,30086,0,0,t4341
refl,216098,190049,26049,0,0,t4342
cong,1417083,897042,520041,0,0,t4343
poly_simp,26195214,18653701,7541513,0,0,t4344
trans,560746,400003,160743,0,0,t4345
trans,440563,295489,145074,0,0,t4346
cong,637981,470506,167475,0,0,t4347
poly_simp,23635872,17354326,6281546,0,0,t4348
poly_simp_rel,1593841,741005,852836,0,0,t4349
trans,460756,310650,150106,0,0,t4350
equiv_pos2,675231,610188,65043,0,0,t4351
poly_simp,4161461,3096121,1065340,0,0,t4352
poly_simp_rel,619669,360739,258930,0,0,t4353
equiv_pos2,450784,386302,64482,0,0,t4354
poly_simp,2826969,2140784,686185,0,0,t4355
poly_simp,2587679,2039265,548414,0,0,t4356
refl,269030,258162,10868,0,0,t4357
cong,537891,454421,83470,0,0,t4358
poly_simp,3320358,2369944,950414,0,0,t4359
trans,349925,289107,60818,0,0,t4360
trans,298491,244579,53912,0,0,t4361
cong,384877,307163,77714,0,0,t4362
resolution,1650373,360780,1289593,0,0,t4363
resolution,1607999,328382,1279617,0,0,t4364
cong,497444,422863,74581,0,0,t4365
refl,270612,231870,38742,0,0,t4366
cong,1146757,752680,394077,0,0,t4367
cong,571195,419115,152080,0,0,t4368
poly_simp,3259888,2518557,741331,0,0,t4369
cong,1206610,799229,407381,0,0,t4370
poly_simp,23645217,17583164,6062053,0,0,t4371
trans,637684,489569,148115,0,0,t4372
cong,707579,516799,190780,0,0,t4373
trans,406590,276568,130022,0,0,t4374
rare_rewrite:arith-eq-elim-real,1230861,1111480,119381,0,0,t4375
semilattice_simp,5632279,5061304,570975,0,0,t4376
trans,426445,292681,133764,0,0,t4377
rare_rewrite:arith-elim-leq,954305,823721,130584,0,0,t4378
poly_simp,35004194,24830306,10173888,0,0,t4379
poly_simp_rel,1639663,603122,1036541,0,0,t4380
trans,519317,330120,189197,0,0,t4381
poly_simp,34383593,24261730,10121863,0,0,t4382
poly_simp_rel,1380423,552762,827661,0,0,t4383
cong,671234,421230,250004,0,0,t4384
trans,553064,290581,262483,0,0,t4385
resolution,1849638,417383,1432255,0,0,t4386
and,1331144,735607,595537,0,0,t4387
resolution,1668277,361445,1306832,0,0,t4388
and_intro,407490,258676,148814,0,0,t4389
resolution,1162658,290764,871894,0,0,t4390
la_mult_pos,521307,459055,62252,0,0,t4391
implies,289535,240030,49505,0,0,t4392
rare_rewrite:bool-eq-true,920838,891307,29531,0,0,t4393
equiv1,284890,252890,32000,0,0,t4394
evaluate,2215968,1916497,299471,0,0,t4395
resolution,1275867,338021,937846,0,0,t4396
and_intro,281026,233953,47073,0,0,t4397
resolution,1186732,301587,885145,0,0,t4398
la_mult_neg,623312,561605,61707,0,0,t4399
implies,332365,279536,52829,0,0,t4400
rare_rewrite:bool-eq-true,1019383,985145,34238,0,0,t4401
equiv1,289005,257194,31811,0,0,t4402
evaluate,2302351,2050933,251418,0,0,t4403
resolution,1249053,358609,890444,0,0,t4404
and_intro,260159,220941,39218,0,0,t4405
resolution,1105193,273935,831258,0,0,t4406
la_mult_pos,733269,558087,175182,0,0,t4407
implies,399319,272191,127128,0,0,t4408
rare_rewrite:bool-eq-true,925254,896470,28784,0,0,t4409
equiv1,268409,238196,30213,0,0,t4410
evaluate,2199760,1840786,358974,0,0,t4411
resolution,1143537,295636,847901,0,0,t4412
equiv_pos2,2154691,1933709,220982,0,0,t4413
rare_rewrite:arith-elim-leq,1071958,930995,140963,0,0,t4414
poly_simp,32925035,23380197,9544838,0,0,t4415
poly_simp_rel,1410290,625430,784860,0,0,t4416
trans,529975,321886,208089,0,0,t4417
symm,414807,229123,185684,0,0,t4418
equiv_pos2,818937,553934,265003,0,0,t4419
poly_simp,26805431,18862111,7943320,0,0,t4420
poly_simp,3495631,2829681,665950,0,0,t4421
poly_simp,2773748,2208536,565212,0,0,t4422
refl,355640,317164,38476,0,0,t4423
refl,259847,224165,35682,0,0,t4424
refl,251484,220435,31049,0,0,t4425
refl,248922,218198,30724,0,0,t4426
refl,251564,223877,27687,0,0,t4427
refl,241118,210585,30533,0,0,t4428
refl,242829,213047,29782,0,0,t4429
refl,240930,213476,27454,0,0,t4430
refl,248285,216732,31553,0,0,t4431
refl,242767,216217,26550,0,0,t4432
refl,246627,211576,35051,0,0,t4433
refl,255180,222833,32347,0,0,t4434
refl,233976,203614,30362,0,0,t4435
refl,249144,219180,29964,0,0,t4436
refl,233431,202956,30475,0,0,t4437
refl,239233,208640,30593,0,0,t4438
refl,237400,205588,31812,0,0,t4439
refl,250766,222493,28273,0,0,t4440
refl,245027,215115,29912,0,0,t4441
refl,247409,214438,32971,0,0,t4442
refl,237325,208315,29010,0,0,t4443
refl,245551,212256,33295,0,0,t4444
refl,230404,201643,28761,0,0,t4445
refl,227843,199975,27868,0,0,t4446
refl,238281,207730,30551,0,0,t4447
refl,231980,200708,31272,0,0,t4448
refl,245342,210614,34728,0,0,t4449
refl,239184,208289,30895,0,0,t4450
refl,233978,206135,27843,0,0,t4451
refl,225643,197222,28421,0,0,t4452
cong,1490525,971993,518532,0,0,t4453
poly_simp,28637474,20564803,8072671,0,0,t4454
trans,958986,762664,196322,0,0,t4455
trans,485140,333089,152051,0,0,t4456
cong,706430,528420,178010,0,0,t4457
poly_simp,24614986,18503504,6111482,0,0,t4458
poly_simp_rel,1358412,580138,778274,0,0,t4459
trans,448484,303263,145221,0,0,t4460
equiv_pos2,647131,583596,63535,0,0,t4461
poly_simp,4069389,2969309,1100080,0,0,t4462
poly_simp_rel,564291,336215,228076,0,0,t4463
equiv_pos2,420459,359102,61357,0,0,t4464
poly_simp,2692402,2016919,675483,0,0,t4465
poly_simp,2510547,1918092,592455,0,0,t4466
refl,265873,255577,10296,0,0,t4467
cong,519780,438858,80922,0,0,t4468
poly_simp,3471494,2367578,1103916,0,0,t4469
trans,343314,285236,58078,0,0,t4470
trans,287256,236267,50989,0,0,t4471
cong,398243,318861,79382,0,0,t4472
resolution,1768362,361008,1407354,0,0,t4473
resolution,1575531,314211,1261320,0,0,t4474
cong,504489,430737,73752,0,0,t4475
refl,261789,224354,37435,0,0,t4476
cong,1161317,741837,419480,0,0,t4477
cong,533934,388575,145359,0,0,t4478
poly_simp,3747286,2565836,1181450,0,0,t4479
cong,1407942,988384,419558,0,0,t4480
poly_simp,23368719,17288775,6079944,0,0,t4481
trans,782278,633412,148866,0,0,t4482
cong,786014,631243,154771,0,0,t4483
trans,422354,299105,123249,0,0,t4484
rare_rewrite:arith-eq-elim-real,1230780,1095605,135175,0,0,t4485
semilattice_simp,5807263,5231086,576177,0,0,t4486
trans,514273,378277,135996,0,0,t4487
rare_rewrite:arith-elim-leq,1295070,1173496,121574,0,0,t4488
poly_simp,38265713,27161382,11104331,0,0,t4489
poly_simp_rel,1882972,807493,1075479,0,0,t4490
trans,527942,326822,201120,0,0,t4491
poly_simp,35866651,25579997,10286654,0,0,t4492
poly_simp_rel,1902748,911363,991385,0,0,t4493
cong,681880,428905,252975,0,0,t4494
trans,540019,280468,259551,0,0,t4495
resolution,1809543,406311,1403232,0,0,t4496
and,1273709,704520,569189,0,0,t4497
resolution,1704713,356812,1347901,0,0,t4498
and_intro,385913,236650,149263,0,0,t4499
resolution,1187118,309489,877629,0,0,t4500
la_mult_pos,525087,461052,64035,0,0,t4501
implies,286930,240649,46281,0,0,t4502
rare_rewrite:bool-eq-true,937053,905947,31106,0,0,t4503
equiv1,279715,249545,30170,0,0,t4504
evaluate,2385997,1894109,491888,0,0,t4505
resolution,1119574,304414,815160,0,0,t4506
and_intro,245521,205245,40276,0,0,t4507
resolution,1050744,272183,778561,0,0,t4508
la_mult_neg,512056,452121,59935,0,0,t4509
implies,285620,238359,47261,0,0,t4510
rare_rewrite:bool-eq-true,871211,837382,33829,0,0,t4511
equiv1,288308,253011,35297,0,0,t4512
evaluate,2159646,1866145,293501,0,0,t4513
resolution,1138463,309163,829300,0,0,t4514
and_intro,244152,206951,37201,0,0,t4515
resolution,1141160,294545,846615,0,0,t4516
la_mult_pos,701727,542994,158733,0,0,t4517
implies,399063,279117,119946,0,0,t4518
rare_rewrite:bool-eq-true,869149,838874,30275,0,0,t4519
equiv1,282090,252166,29924,0,0,t4520
evaluate,2367167,1860351,506816,0,0,t4521
resolution,1189350,316947,872403,0,0,t4522
equiv_pos2,2296602,2068595,228007,0,0,t4523
rare_rewrite:arith-elim-leq,1160785,1020410,140375,0,0,t4524
poly_simp,33090882,23096866,9994016,0,0,t4525
poly_simp_rel,1706315,913013,793302,0,0,t4526
trans,547125,343122,204003,0,0,t4527
symm,429943,239959,189984,0,0,t4528
equiv_pos2,809610,531574,278036,0,0,t4529
poly_simp,25830602,17584913,8245689,0,0,t4530
poly_simp,3142995,2616482,526513,0,0,t4531
poly_simp,2648654,2066734,581920,0,0,t4532
refl,298601,262211,36390,0,0,t4533
refl,255199,221997,33202,0,0,t4534
refl,235229,205316,29913,0,0,t4535
refl,255701,223921,31780,0,0,t4536
refl,237697,211160,26537,0,0,t4537
refl,221311,192926,28385,0,0,t4538
refl,215655,189754,25901,0,0,t4539
refl,222975,193888,29087,0,0,t4540
refl,218514,188448,30066,0,0,t4541
refl,235723,208123,27600,0,0,t4542
refl,223209,194686,28523,0,0,t4543
refl,232587,200981,31606,0,0,t4544
refl,240451,211007,29444,0,0,t4545
refl,213632,188465,25167,0,0,t4546
refl,219788,193299,26489,0,0,t4547
refl,234664,206125,28539,0,0,t4548
refl,220405,191532,28873,0,0,t4549
refl,215610,189883,25727,0,0,t4550
refl,227318,198363,28955,0,0,t4551
refl,222912,194925,27987,0,0,t4552
refl,228640,201940,26700,0,0,t4553
refl,229337,199732,29605,0,0,t4554
refl,217163,192032,25131,0,0,t4555
refl,224275,198071,26204,0,0,t4556
refl,218031,190047,27984,0,0,t4557
refl,221371,192741,28630,0,0,t4558
refl,225107,199424,25683,0,0,t4559
refl,225210,194528,30682,0,0,t4560
refl,228479,200004,28475,0,0,t4561
refl,228494,202494,26000,0,0,t4562
cong,1478460,983159,495301,0,0,t4563
poly_simp,25664050,18068415,7595635,0,0,t4564
trans,782387,619466,162921,0,0,t4565
trans,458034,320447,137587,0,0,t4566
cong,786093,627578,158515,0,0,t4567
poly_simp,23121214,16765404,6355810,0,0,t4568
poly_simp_rel,1484837,672584,812253,0,0,t4569
trans,472810,318357,154453,0,0,t4570
equiv_pos2,667189,602979,64210,0,0,t4571
poly_simp,4117588,3003573,1114015,0,0,t4572
poly_simp_rel,631818,378468,253350,0,0,t4573
equiv_pos2,426102,360823,65279,0,0,t4574
poly_simp,2852411,2082955,769456,0,0,t4575
poly_simp,2496982,1957228,539754,0,0,t4576
refl,265541,255351,10190,0,0,t4577
cong,542128,460791,81337,0,0,t4578
poly_simp,3264830,2331541,933289,0,0,t4579
trans,354219,292453,61766,0,0,t4580
trans,299957,247496,52461,0,0,t4581
cong,378546,301055,77491,0,0,t4582
resolution,1656012,358786,1297226,0,0,t4583
resolution,1575914,313116,1262798,0,0,t4584
cong,505775,418603,87172,0,0,t4585
refl,259043,222170,36873,0,0,t4586
cong,1199487,772605,426882,0,0,t4587
cong,547348,395908,151440,0,0,t4588
poly_simp,3384281,2561112,823169,0,0,t4589
cong,1188466,782825,405641,0,0,t4590
poly_simp,23130019,17070752,6059267,0,0,t4591
trans,547194,407484,139710,0,0,t4592
cong,664399,521126,143273,0,0,t4593
trans,415788,292040,123748,0,0,t4594
rare_rewrite:arith-eq-elim-real,1334192,1197613,136579,0,0,t4595
semilattice_simp,5624735,5066986,557749,0,0,t4596
trans,439695,304906,134789,0,0,t4597
rare_rewrite:arith-elim-leq,993191,854834,138357,0,0,t4598
poly_simp,39076723,28087221,10989502,0,0,t4599
poly_simp_rel,1769381,702011,1067370,0,0,t4600
trans,518344,320119,198225,0,0,t4601
poly_simp,38777865,28128306,10649559,0,0,t4602
poly_simp_rel,1935324,960457,974867,0,0,t4603
cong,728755,431382,297373,0,0,t4604
trans,582109,296771,285338,0,0,t4605
resolution,1851148,409722,1441426,0,0,t4606
and,1271045,700712,570333,0,0,t4607
resolution,1677356,371524,1305832,0,0,t4608
and_intro,382671,243085,139586,0,0,t4609
resolution,1133988,290079,843909,0,0,t4610
la_mult_neg,531516,465130,66386,0,0,t4611
implies,312470,263562,48908,0,0,t4612
rare_rewrite:bool-eq-true,939905,907498,32407,0,0,t4613
equiv1,275260,241254,34006,0,0,t4614
evaluate,2311142,1969454,341688,0,0,t4615
resolution,1129899,311876,818023,0,0,t4616
and_intro,273389,230693,42696,0,0,t4617
resolution,1041981,268830,773151,0,0,t4618
la_mult_pos,530878,477637,53241,0,0,t4619
implies,300563,254840,45723,0,0,t4620
rare_rewrite:bool-eq-true,904264,869989,34275,0,0,t4621
equiv1,274271,242621,31650,0,0,t4622
evaluate,2213940,1884692,329248,0,0,t4623
resolution,1231442,327127,904315,0,0,t4624
and_intro,239945,204455,35490,0,0,t4625
resolution,1038453,267430,771023,0,0,t4626
la_mult_pos,706314,537650,168664,0,0,t4627
implies,400817,273843,126974,0,0,t4628
rare_rewrite:bool-eq-true,845254,815384,29870,0,0,t4629
equiv1,268715,237481,31234,0,0,t4630
evaluate,2070316,1804368,265948,0,0,t4631
resolution,1162956,314886,848070,0,0,t4632
equiv_pos2,2074496,1858688,215808,0,0,t4633
rare_rewrite:arith-elim-leq,1090416,939531,150885,0,0,t4634
poly_simp,33397039,23519760,9877279,0,0,t4635
poly_simp_rel,1500063,749026,751037,0,0,t4636
trans,513377,328719,184658,0,0,t4637
symm,501008,223321,277687,0,0,t4638
equiv_pos2,802261,547428,254833,0,0,t4639
poly_simp,26235112,18096453,8138659,0,0,t4640
poly_simp,3314084,2775243,538841,0,0,t4641
poly_simp,2501775,2025413,476362,0,0,t4642
refl,289180,249558,39622,0,0,t4643
refl,237166,204719,32447,0,0,t4644
refl,237983,207433,30550,0,0,t4645
refl,231125,201970,29155,0,0,t4646
refl,238475,207746,30729,0,0,t4647
refl,230217,203087,27130,0,0,t4648
refl,227407,197302,30105,0,0,t4649
refl,226890,197098,29792,0,0,t4650
refl,229163,200800,28363,0,0,t4651
refl,220499,194096,26403,0,0,t4652
refl,241127,213752,27375,0,0,t4653
refl,231898,204563,27335,0,0,t4654
refl,229973,199422,30551,0,0,t4655
refl,220975,192957,28018,0,0,t4656
refl,225613,195369,30244,0,0,t4657
refl,221733,191927,29806,0,0,t4658
refl,356563,325616,30947,0,0,t4659
refl,220460,193495,26965,0,0,t4660
refl,229266,202397,26869,0,0,t4661
refl,252447,224875,27572,0,0,t4662
refl,234163,205100,29063,0,0,t4663
refl,230530,201618,28912,0,0,t4664
refl,219819,191237,28582,0,0,t4665
refl,227793,198654,29139,0,0,t4666
refl,227322,200633,26689,0,0,t4667
refl,215001,187466,27535,0,0,t4668
refl,225035,196798,28237,0,0,t4669
refl,226183,196162,30021,0,0,t4670
refl,217132,188867,28265,0,0,t4671
refl,218509,189692,28817,0,0,t4672
cong,1437038,912908,524130,0,0,t4673
poly_simp,25847795,18379709,7468086,0,0,t4674
trans,1103342,934782,168560,0,0,t4675
trans,541476,388799,152677,0,0,t4676
cong,724598,565662,158936,0,0,t4677
equiv_pos2,708308,642417,65891,0,0,t4678
poly_simp,4112437,3053676,1058761,0,0,t4679
poly_simp_rel,624290,379433,244857,0,0,t4680
equiv_pos2,439010,373294,65716,0,0,t4681
poly_simp,2748993,2039042,709951,0,0,t4682
poly_simp,2514953,1995193,519760,0,0,t4683
refl,266529,256132,10397,0,0,t4684
cong,533290,451008,82282,0,0,t4685
poly_simp,3411499,2445344,966155,0,0,t4686
trans,369556,306163,63393,0,0,t4687
trans,294257,243134,51123,0,0,t4688
cong,381454,306707,74747,0,0,t4689
resolution,1670280,381318,1288962,0,0,t4690
resolution,1520845,319684,1201161,0,0,t4691
cong,516998,444236,72762,0,0,t4692
refl,274066,233211,40855,0,0,t4693
cong,1186551,761464,425087,0,0,t4694
cong,545734,386129,159605,0,0,t4695
poly_simp,3401953,2572835,829118,0,0,t4696
cong,1198743,803917,394826,0,0,t4697
poly_simp,23528788,17561017,5967771,0,0,t4698
trans,634515,478513,156002,0,0,t4699
cong,672377,517744,154633,0,0,t4700
trans,442127,306571,135556,0,0,t4701
rare_rewrite:arith-eq-elim-real,1285242,1150881,134361,0,0,t4702
semilattice_simp,5563690,5005408,558282,0,0,t4703
trans,428266,290782,137484,0,0,t4704
rare_rewrite:arith-elim-leq,984712,857747,126965,0,0,t4705
poly_simp,37343106,25799423,11543683,0,0,t4706
poly_simp_rel,1706133,694440,1011693,0,0,t4707
trans,541078,320518,220560,0,0,t4708
poly_simp,35579742,25607945,9971797,0,0,t4709
poly_simp_rel,1398281,540412,857869,0,0,t4710
cong,739481,457809,281672,0,0,t4711
trans,544839,283221,261618,0,0,t4712
resolution,1868285,415671,1452614,0,0,t4713
and,1269011,699626,569385,0,0,t4714
resolution,1709168,365346,1343822,0,0,t4715
and_intro,402612,258608,144004,0,0,t4716
resolution,1189818,308905,880913,0,0,t4717
la_mult_pos,620168,550497,69671,0,0,t4718
implies,315780,263184,52596,0,0,t4719
rare_rewrite:bool-eq-true,1018877,984100,34777,0,0,t4720
equiv1,306994,274998,31996,0,0,t4721
evaluate,2344034,2031163,312871,0,0,t4722
resolution,1264680,373674,891006,0,0,t4723
and_intro,266868,221223,45645,0,0,t4724
resolution,1070300,275409,794891,0,0,t4725
la_mult_neg,543276,485279,57997,0,0,t4726
implies,283656,237720,45936,0,0,t4727
rare_rewrite:bool-eq-true,893507,851673,41834,0,0,t4728
equiv1,281155,247791,33364,0,0,t4729
evaluate,2065396,1838588,226808,0,0,t4730
resolution,1153859,300409,853450,0,0,t4731
and_intro,243607,206809,36798,0,0,t4732
resolution,1163204,278433,884771,0,0,t4733
la_mult_pos,714621,527622,186999,0,0,t4734
implies,454644,296209,158435,0,0,t4735
rare_rewrite:bool-eq-true,891859,862437,29422,0,0,t4736
equiv1,285542,253331,32211,0,0,t4737
evaluate,2118635,1815438,303197,0,0,t4738
resolution,1107814,306172,801642,0,0,t4739
equiv_pos2,2306701,2091048,215653,0,0,t4740
rare_rewrite:arith-elim-leq,1075703,910852,164851,0,0,t4741
poly_simp,32279463,22400499,9878964,0,0,t4742
poly_simp_rel,1414791,612906,801885,0,0,t4743
trans,532626,338169,194457,0,0,t4744
symm,401957,229991,171966,0,0,t4745
equiv_pos2,771756,535607,236149,0,0,t4746
poly_simp,24573718,17235044,7338674,0,0,t4747
poly_simp,2907548,2408324,499224,0,0,t4748
poly_simp,2560058,2050852,509206,0,0,t4749
refl,294656,259559,35097,0,0,t4750
refl,255665,220667,34998,0,0,t4751
refl,256157,217527,38630,0,0,t4752
refl,234293,203806,30487,0,0,t4753
refl,221473,192186,29287,0,0,t4754
refl,222153,194804,27349,0,0,t4755
refl,228007,201505,26502,0,0,t4756
refl,215286,189505,25781,0,0,t4757
refl,226643,196755,29888,0,0,t4758
refl,232393,200530,31863,0,0,t4759
refl,220401,193299,27102,0,0,t4760
refl,218414,191956,26458,0,0,t4761
refl,217419,190269,27150,0,0,t4762
refl,240407,211901,28506,0,0,t4763
refl,210241,185798,24443,0,0,t4764
refl,222002,195686,26316,0,0,t4765
refl,221877,190972,30905,0,0,t4766
refl,226877,197275,29602,0,0,t4767
refl,219919,190853,29066,0,0,t4768
refl,218306,192269,26037,0,0,t4769
refl,223726,196585,27141,0,0,t4770
refl,225159,197952,27207,0,0,t4771
refl,221080,192720,28360,0,0,t4772
refl,211860,186017,25843,0,0,t4773
refl,222528,192940,29588,0,0,t4774
refl,217491,186798,30693,0,0,t4775
refl,218525,190774,27751,0,0,t4776
refl,218615,191297,27318,0,0,t4777
refl,235424,205998,29426,0,0,t4778
refl,223857,196947,26910,0,0,t4779
cong,1351868,878016,473852,0,0,t4780
poly_simp,25658796,18224990,7433806,0,0,t4781
trans,628454,465111,163343,0,0,t4782
trans,439954,297608,142346,0,0,t4783
cong,677183,510602,166581,0,0,t4784
poly_simp,23498596,16948067,6550529,0,0,t4785
poly_simp_rel,1531278,720542,810736,0,0,t4786
trans,436987,298129,138858,0,0,t4787
equiv_pos2,657491,594445,63046,0,0,t4788
poly_simp,4273473,3147076,1126397,0,0,t4789
poly_simp_rel,595228,343763,251465,0,0,t4790
equiv_pos2,431020,363032,67988,0,0,t4791
poly_simp,2881910,2125546,756364,0,0,t4792
poly_simp,2553073,2008748,544325,0,0,t4793
refl,277725,267354,10371,0,0,t4794
cong,532335,448682,83653,0,0,t4795
poly_simp,3346785,2404539,942246,0,0,t4796
trans,401712,332463,69249,0,0,t4797
trans,317131,258904,58227,0,0,t4798
cong,410132,333203,76929,0,0,t4799
resolution,1842197,394173,1448024,0,0,t4800
resolution,1526141,325722,1200419,0,0,t4801
cong,544347,468386,75961,0,0,t4802
refl,261484,223713,37771,0,0,t4803
cong,1185880,784289,401591,0,0,t4804
cong,545738,402035,143703,0,0,t4805
poly_simp,3769875,2802551,967324,0,0,t4806
cong,1225575,829829,395746,0,0,t4807
poly_simp,22875912,16817802,6058110,0,0,t4808
trans,729354,581648,147706,0,0,t4809
cong,846843,692518,154325,0,0,t4810
trans,410867,286543,124324,0,0,t4811
rare_rewrite:arith-eq-elim-real,1256406,1114689,141717,0,0,t4812
semilattice_simp,5540654,4995219,545435,0,0,t4813
trans,426204,292581,133623,0,0,t4814
rare_rewrite:arith-elim-leq,973162,844133,129029,0,0,t4815
poly_simp,34891431,24786105,10105326,0,0,t4816
poly_simp_rel,2203535,1097458,1106077,0,0,t4817
trans,514446,321937,192509,0,0,t4818
poly_simp,33583296,23684375,9898921,0,0,t4819
poly_simp_rel,1752017,836468,915549,0,0,t4820
cong,927526,639895,287631,0,0,t4821
trans,529771,285480,244291,0,0,t4822
resolution,1775517,412651,1362866,0,0,t4823
and,1218046,692624,525422,0,0,t4824
resolution,1658567,344470,1314097,0,0,t4825
and_intro,368542,233541,135001,0,0,t4826
resolution,1203791,297124,906667,0,0,t4827
la_mult_pos,536132,468732,67400,0,0,t4828
implies,328821,275126,53695,0,0,t4829
rare_rewrite:bool-eq-true,975054,943544,31510,0,0,t4830
equiv1,272443,240053,32390,0,0,t4831
evaluate,2196178,1928777,267401,0,0,t4832
resolution,1110962,299627,811335,0,0,t4833
and_intro,282111,237378,44733,0,0,t4834
resolution,1065363,285322,780041,0,0,t4835
la_mult_neg,506045,448685,57360,0,0,t4836
implies,299503,251686,47817,0,0,t4837
rare_rewrite:bool-eq-true,861315,830128,31187,0,0,t4838
equiv1,313083,282432,30651,0,0,t4839
evaluate,2127570,1874904,252666,0,0,t4840
resolution,1213555,317789,895766,0,0,t4841
and_intro,251119,214504,36615,0,0,t4842
resolution,1042665,277937,764728,0,0,t4843
la_mult_pos,703479,537367,166112,0,0,t4844
implies,442451,309398,133053,0,0,t4845
rare_rewrite:bool-eq-true,860600,830214,30386,0,0,t4846
equiv1,273674,242685,30989,0,0,t4847
evaluate,2064839,1791615,273224,0,0,t4848
resolution,1185400,322526,862874,0,0,t4849
equiv_pos2,2166633,1943149,223484,0,0,t4850
rare_rewrite:arith-elim-leq,1095695,946575,149120,0,0,t4851
poly_simp,33309814,23140734,10169080,0,0,t4852
poly_simp_rel,2064623,1222019,842604,0,0,t4853
trans,528647,320853,207794,0,0,t4854
symm,423296,233766,189530,0,0,t4855
equiv_pos2,803983,545425,258558,0,0,t4856
poly_simp,26774449,17773246,9001203,0,0,t4857
poly_simp,3496008,2937030,558978,0,0,t4858
poly_simp,2564332,2030163,534169,0,0,t4859
refl,299354,262148,37206,0,0,t4860
refl,264778,232929,31849,0,0,t4861
refl,242627,213332,29295,0,0,t4862
refl,235956,205161,30795,0,0,t4863
refl,224607,196427,28180,0,0,t4864
refl,222479,196053,26426,0,0,t4865
refl,235378,208746,26632,0,0,t4866
refl,227776,200356,27420,0,0,t4867
refl,229964,198933,31031,0,0,t4868
refl,242822,213188,29634,0,0,t4869
refl,238257,205905,32352,0,0,t4870
refl,225095,198281,26814,0,0,t4871
refl,220721,191171,29550,0,0,t4872
refl,221471,192486,28985,0,0,t4873
refl,216524,191211,25313,0,0,t4874
refl,222477,194451,28026,0,0,t4875
refl,218426,190649,27777,0,0,t4876
refl,241881,215481,26400,0,0,t4877
refl,220474,192028,28446,0,0,t4878
refl,227068,196563,30505,0,0,t4879
refl,236860,207681,29179,0,0,t4880
refl,224118,194600,29518,0,0,t4881
refl,229502,199943,29559,0,0,t4882
refl,221677,194956,26721,0,0,t4883
refl,223731,195339,28392,0,0,t4884
refl,227939,198878,29061,0,0,t4885
refl,236109,206938,29171,0,0,t4886
refl,224043,194438,29605,0,0,t4887
refl,229742,201717,28025,0,0,t4888
refl,238064,212020,26044,0,0,t4889
cong,1491356,1013294,478062,0,0,t4890
poly_simp,26984714,18120598,8864116,0,0,t4891
trans,754604,587817,166787,0,0,t4892
trans,493643,339327,154316,0,0,t4893
cong,640805,486010,154795,0,0,t4894
poly_simp,23065907,16940835,6125072,0,0,t4895
poly_simp_rel,1653926,819268,834658,0,0,t4896
trans,535532,378871,156661,0,0,t4897
equiv_pos2,705794,640251,65543,0,0,t4898
poly_simp,4434376,3382658,1051718,0,0,t4899
poly_simp_rel,740395,480109,260286,0,0,t4900
equiv_pos2,440754,376149,64605,0,0,t4901
poly_simp,2833958,2079945,754013,0,0,t4902
poly_simp,2537086,1995786,541300,0,0,t4903
refl,268904,258699,10205,0,0,t4904
cong,536046,453153,82893,0,0,t4905
poly_simp,3311073,2407204,903869,0,0,t4906
trans,378617,319030,59587,0,0,t4907
trans,321792,263795,57997,0,0,t4908
cong,390129,308747,81382,0,0,t4909
resolution,1724315,376762,1347553,0,0,t4910
resolution,1484169,323232,1160937,0,0,t4911
cong,528368,453804,74564,0,0,t4912
refl,254814,218296,36518,0,0,t4913
cong,1182855,759192,423663,0,0,t4914
cong,563931,406673,157258,0,0,t4915
poly_simp,3446722,2666470,780252,0,0,t4916
cong,1178370,778813,399557,0,0,t4917
poly_simp,22809669,16845805,5963864,0,0,t4918
trans,518763,385226,133537,0,0,t4919
cong,640851,486928,153923,0,0,t4920
trans,403504,279301,124203,0,0,t4921
rare_rewrite:arith-eq-elim-real,1257327,1122707,134620,0,0,t4922
semilattice_simp,5627060,5040064,586996,0,0,t4923
trans,434404,291684,142720,0,0,t4924
rare_rewrite:arith-elim-leq,962053,840574,121479,0,0,t4925
poly_simp,34101073,24107743,9993330,0,0,t4926
poly_simp_rel,1670169,639640,1030529,0,0,t4927
trans,531496,343780,187716,0,0,t4928
poly_simp,32928919,23218478,9710441,0,0,t4929
poly_simp_rel,1523670,686752,836918,0,0,t4930
cong,707322,444022,263300,0,0,t4931
trans,548385,295891,252494,0,0,t4932
resolution,1807694,408048,1399646,0,0,t4933
and,1265638,714867,550771,0,0,t4934
resolution,1696680,350942,1345738,0,0,t4935
and_intro,371769,235181,136588,0,0,t4936
resolution,1158283,290849,867434,0,0,t4937
la_mult_pos,520873,459374,61499,0,0,t4938
implies,299633,251688,47945,0,0,t4939
rare_rewrite:bool-eq-true,930775,900863,29912,0,0,t4940
equiv1,284797,253064,31733,0,0,t4941
evaluate,2361581,1915094,446487,0,0,t4942
resolution,1257756,442665,815091,0,0,t4943
and_intro,266358,221489,44869,0,0,t4944
resolution,1121764,280232,841532,0,0,t4945
la_mult_neg,529619,467689,61930,0,0,t4946
implies,313094,265301,47793,0,0,t4947
rare_rewrite:bool-eq-true,905136,869414,35722,0,0,t4948
equiv1,292654,255917,36737,0,0,t4949
evaluate,2123096,1857056,266040,0,0,t4950
resolution,1086313,302642,783671,0,0,t4951
and_intro,250037,211907,38130,0,0,t4952
resolution,1030951,270221,760730,0,0,t4953
la_mult_pos,741537,574383,167154,0,0,t4954
implies,431181,296625,134556,0,0,t4955
rare_rewrite:bool-eq-true,916125,884077,32048,0,0,t4956
equiv1,303676,270495,33181,0,0,t4957
evaluate,2420228,2089689,330539,0,0,t4958
resolution,1352039,419745,932294,0,0,t4959
equiv_pos2,2413677,2155654,258023,0,0,t4960
rare_rewrite:arith-elim-leq,1328018,1186839,141179,0,0,t4961
poly_simp,32973533,22860832,10112701,0,0,t4962
poly_simp_rel,1373975,633863,740112,0,0,t4963
trans,595294,349938,245356,0,0,t4964
symm,457147,270069,187078,0,0,t4965
equiv_pos2,756153,529788,226365,0,0,t4966
poly_simp,25508680,17509872,7998808,0,0,t4967
poly_simp,3635933,2911074,724859,0,0,t4968
poly_simp,3312637,2694934,617703,0,0,t4969
refl,337387,296573,40814,0,0,t4970
refl,257513,221684,35829,0,0,t4971
refl,315823,283255,32568,0,0,t4972
refl,233393,203166,30227,0,0,t4973
refl,247316,219555,27761,0,0,t4974
refl,234515,207802,26713,0,0,t4975
refl,238573,207329,31244,0,0,t4976
refl,243160,211933,31227,0,0,t4977
refl,250871,220779,30092,0,0,t4978
refl,228229,199459,28770,0,0,t4979
refl,218785,193383,25402,0,0,t4980
refl,250066,220726,29340,0,0,t4981
refl,236161,207018,29143,0,0,t4982
refl,227557,199607,27950,0,0,t4983
refl,217998,190375,27623,0,0,t4984
refl,222923,196479,26444,0,0,t4985
refl,227043,198890,28153,0,0,t4986
refl,226652,201124,25528,0,0,t4987
refl,227803,197324,30479,0,0,t4988
refl,227293,194108,33185,0,0,t4989
refl,221439,192064,29375,0,0,t4990
refl,225041,198084,26957,0,0,t4991
refl,244165,214503,29662,0,0,t4992
refl,226083,200958,25125,0,0,t4993
refl,227606,198945,28661,0,0,t4994
refl,223473,193946,29527,0,0,t4995
refl,223651,197143,26508,0,0,t4996
refl,215797,189832,25965,0,0,t4997
refl,240047,209773,30274,0,0,t4998
refl,217189,190455,26734,0,0,t4999
cong,1425235,934059,491176,0,0,t5000
poly_simp,25792067,18466583,7325484,0,0,t5001
trans,564728,403592,161136,0,0,t5002
trans,438981,295650,143331,0,0,t5003
cong,653912,495599,158313,0,0,t5004
poly_simp,23538179,16957222,6580957,0,0,t5005
poly_simp_rel,1571795,710205,861590,0,0,t5006
trans,481632,326891,154741,0,0,t5007
equiv_pos2,652632,594484,58148,0,0,t5008
poly_simp,4229268,3105023,1124245,0,0,t5009
poly_simp_rel,588080,357719,230361,0,0,t5010
equiv_pos2,426245,364700,61545,0,0,t5011
poly_simp,2838399,2090983,747416,0,0,t5012
poly_simp,2456367,1947062,509305,0,0,t5013
refl,267546,257040,10506,0,0,t5014
cong,545063,460086,84977,0,0,t5015
poly_simp,3334301,2384176,950125,0,0,t5016
trans,354339,294985,59354,0,0,t5017
trans,290442,238523,51919,0,0,t5018
cong,379183,303057,76126,0,0,t5019
resolution,1635146,373487,1261659,0,0,t5020
resolution,1518751,323689,1195062,0,0,t5021
cong,491927,418254,73673,0,0,t5022
refl,265223,226822,38401,0,0,t5023
cong,1161824,730342,431482,0,0,t5024
cong,546597,391350,155247,0,0,t5025
poly_simp,3726091,2783612,942479,0,0,t5026
cong,1415714,980065,435649,0,0,t5027
poly_simp,24576961,17810775,6766186,0,0,t5028
trans,644480,494772,149708,0,0,t5029
cong,821941,538625,283316,0,0,t5030
trans,423069,292916,130153,0,0,t5031
rare_rewrite:arith-eq-elim-real,1347852,1216842,131010,0,0,t5032
semilattice_simp,6139650,5560576,579074,0,0,t5033
trans,457940,319422,138518,0,0,t5034
rare_rewrite:arith-elim-leq,1063533,935824,127709,0,0,t5035
poly_simp,37000953,25688623,11312330,0,0,t5036
poly_simp_rel,2196471,1072444,1124027,0,0,t5037
trans,501684,314366,187318,0,0,t5038
poly_simp,35416536,24398724,11017812,0,0,t5039
poly_simp_rel,1612135,709055,903080,0,0,t5040
cong,758600,497331,261269,0,0,t5041
trans,620289,341816,278473,0,0,t5042
resolution,2093008,467528,1625480,0,0,t5043
and,1475636,850978,624658,0,0,t5044
resolution,2133160,408698,1724462,0,0,t5045
and_intro,456392,295384,161008,0,0,t5046
resolution,1245478,331398,914080,0,0,t5047
resolution,369762384,120704277,249058107,0,0,t6906.t2
la_mult_neg,853908,767763,86145,0,0,t5048
implies,321866,269699,52167,0,0,t5049
rare_rewrite:bool-eq-true,1030072,998561,31511,0,0,t5050
equiv1,300503,264906,35597,0,0,t5051
evaluate,2514746,2122515,392231,0,0,t5052
resolution,1241657,371560,870097,0,0,t5053
and_intro,273269,228549,44720,0,0,t5054
resolution,1103229,294125,809104,0,0,t5055
la_mult_pos,535634,478310,57324,0,0,t5056
implies,318943,271394,47549,0,0,t5057
rare_rewrite:bool-eq-true,924628,891599,33029,0,0,t5058
equiv1,303819,264499,39320,0,0,t5059
evaluate,2291783,1951041,340742,0,0,t5060
resolution,1112848,329845,783003,0,0,t5061
and_intro,262267,223205,39062,0,0,t5062
resolution,1064957,278856,786101,0,0,t5063
la_mult_pos,711695,545231,166464,0,0,t5064
implies,392628,261642,130986,0,0,t5065
rare_rewrite:bool-eq-true,849594,822375,27219,0,0,t5066
equiv1,298062,269511,28551,0,0,t5067
evaluate,1958329,1772217,186112,0,0,t5068
resolution,1114294,304938,809356,0,0,t5069
equiv_pos2,1972435,1749703,222732,0,0,t5070
rare_rewrite:arith-elim-leq,1039711,893614,146097,0,0,t5071
poly_simp,33255643,22168190,11087453,0,0,t5072
poly_simp_rel,1427174,660361,766813,0,0,t5073
trans,515330,315350,199980,0,0,t5074
symm,415985,231968,184017,0,0,t5075
equiv_pos2,816139,555501,260638,0,0,t5076
poly_simp,25940437,17674896,8265541,0,0,t5077
poly_simp,3413882,2824989,588893,0,0,t5078
poly_simp,2673066,2117720,555346,0,0,t5079
refl,306788,272996,33792,0,0,t5080
refl,267867,234081,33786,0,0,t5081
refl,237347,208872,28475,0,0,t5082
refl,225758,199732,26026,0,0,t5083
refl,233753,202920,30833,0,0,t5084
refl,223443,197500,25943,0,0,t5085
refl,229820,199624,30196,0,0,t5086
refl,235111,210223,24888,0,0,t5087
refl,240604,208718,31886,0,0,t5088
refl,218984,192132,26852,0,0,t5089
refl,235946,206694,29252,0,0,t5090
refl,227500,201680,25820,0,0,t5091
refl,221175,193875,27300,0,0,t5092
refl,225293,195715,29578,0,0,t5093
refl,227903,196244,31659,0,0,t5094
refl,217304,189561,27743,0,0,t5095
refl,229355,200509,28846,0,0,t5096
refl,223047,195170,27877,0,0,t5097
refl,225476,196289,29187,0,0,t5098
refl,230899,204616,26283,0,0,t5099
refl,223494,194683,28811,0,0,t5100
refl,232863,206652,26211,0,0,t5101
refl,224465,193704,30761,0,0,t5102
refl,224790,194668,30122,0,0,t5103
refl,219295,192934,26361,0,0,t5104
refl,215874,190398,25476,0,0,t5105
refl,230417,203136,27281,0,0,t5106
refl,238222,209081,29141,0,0,t5107
refl,216759,189961,26798,0,0,t5108
refl,218432,190433,27999,0,0,t5109
cong,1358675,879488,479187,0,0,t5110
poly_simp,25390333,17756334,7633999,0,0,t5111
trans,629880,452798,177082,0,0,t5112
trans,434295,294100,140195,0,0,t5113
cong,644567,481123,163444,0,0,t5114
equiv_pos2,695885,630782,65103,0,0,t5115
poly_simp,4074535,3019882,1054653,0,0,t5116
poly_simp_rel,635982,377005,258977,0,0,t5117
equiv_pos2,417625,355970,61655,0,0,t5118
poly_simp,2650459,2060208,590251,0,0,t5119
poly_simp,2488779,2013314,475465,0,0,t5120
refl,280613,270406,10207,0,0,t5121
cong,540836,460537,80299,0,0,t5122
poly_simp,3342483,2347082,995401,0,0,t5123
trans,349297,290405,58892,0,0,t5124
trans,301046,250086,50960,0,0,t5125
cong,386696,308733,77963,0,0,t5126
resolution,1700763,371226,1329537,0,0,t5127
resolution,1555172,306111,1249061,0,0,t5128
cong,499018,427266,71752,0,0,t5129
refl,270290,232831,37459,0,0,t5130
cong,1153660,764222,389438,0,0,t5131
cong,557322,397893,159429,0,0,t5132
poly_simp,3350368,2503550,846818,0,0,t5133
cong,1222951,794700,428251,0,0,t5134
poly_simp,23178289,16858067,6320222,0,0,t5135
trans,647382,504180,143202,0,0,t5136
cong,737128,558642,178486,0,0,t5137
trans,425546,289076,136470,0,0,t5138
rare_rewrite:arith-eq-elim-real,1259453,1121515,137938,0,0,t5139
semilattice_simp,5490417,4916358,574059,0,0,t5140
trans,445060,297118,147942,0,0,t5141
rare_rewrite:arith-elim-leq,981825,851047,130778,0,0,t5142
poly_simp,36009726,25485170,10524556,0,0,t5143
poly_simp_rel,2065735,951020,1114715,0,0,t5144
trans,546999,355270,191729,0,0,t5145
poly_simp,35988550,25342149,10646401,0,0,t5146
poly_simp_rel,1536402,643026,893376,0,0,t5147
cong,707367,421492,285875,0,0,t5148
trans,625772,306705,319067,0,0,t5149
resolution,1875912,440744,1435168,0,0,t5150
and,1279331,720500,558831,0,0,t5151
resolution,1695993,366520,1329473,0,0,t5152
and_intro,392280,258867,133413,0,0,t5153
resolution,1184858,311325,873533,0,0,t5154
la_mult_pos,520885,461762,59123,0,0,t5155
implies,300618,249702,50916,0,0,t5156
rare_rewrite:bool-eq-true,932366,900055,32311,0,0,t5157
equiv1,278558,248230,30328,0,0,t5158
evaluate,2202060,1930807,271253,0,0,t5159
resolution,1092992,310078,782914,0,0,t5160
and_intro,279966,230932,49034,0,0,t5161
resolution,1124436,312714,811722,0,0,t5162
la_mult_neg,610155,548954,61201,0,0,t5163
implies,298982,251566,47416,0,0,t5164
rare_rewrite:bool-eq-true,1034624,1002767,31857,0,0,t5165
equiv1,271208,238975,32233,0,0,t5166
evaluate,2354122,2024920,329202,0,0,t5167
resolution,1214804,353758,861046,0,0,t5168
and_intro,262869,225116,37753,0,0,t5169
resolution,1173766,293207,880559,0,0,t5170
la_mult_pos,813981,608635,205346,0,0,t5171
implies,413106,277783,135323,0,0,t5172
rare_rewrite:bool-eq-true,1006649,977855,28794,0,0,t5173
equiv1,296046,264080,31966,0,0,t5174
evaluate,2320738,1909493,411245,0,0,t5175
resolution,1112669,310054,802615,0,0,t5176
equiv_pos2,2182481,1964008,218473,0,0,t5177
rare_rewrite:arith-elim-leq,1097310,940131,157179,0,0,t5178
poly_simp,33233900,23182119,10051781,0,0,t5179
poly_simp_rel,1349781,590066,759715,0,0,t5180
trans,537671,334174,203497,0,0,t5181
symm,432521,246519,186002,0,0,t5182
equiv_pos2,762619,517377,245242,0,0,t5183
poly_simp,25185755,17677451,7508304,0,0,t5184
poly_simp,3002699,2457018,545681,0,0,t5185
poly_simp,2519533,2087251,432282,0,0,t5186
refl,317405,279320,38085,0,0,t5187
refl,266663,229593,37070,0,0,t5188
refl,262918,232703,30215,0,0,t5189
refl,245342,217726,27616,0,0,t5190
refl,237093,206403,30690,0,0,t5191
refl,226682,197513,29169,0,0,t5192
refl,226876,200225,26651,0,0,t5193
refl,225489,198241,27248,0,0,t5194
refl,228259,199102,29157,0,0,t5195
refl,243152,214467,28685,0,0,t5196
refl,247218,217294,29924,0,0,t5197
refl,230590,203203,27387,0,0,t5198
refl,234726,205521,29205,0,0,t5199
refl,224190,194748,29442,0,0,t5200
refl,226525,200965,25560,0,0,t5201
refl,223478,198686,24792,0,0,t5202
refl,228993,199057,29936,0,0,t5203
refl,237034,205686,31348,0,0,t5204
refl,223490,196278,27212,0,0,t5205
refl,217008,191106,25902,0,0,t5206
refl,239752,209983,29769,0,0,t5207
refl,227114,198246,28868,0,0,t5208
refl,224763,197426,27337,0,0,t5209
refl,219595,190930,28665,0,0,t5210
refl,221497,194586,26911,0,0,t5211
refl,222736,193348,29388,0,0,t5212
refl,222913,194429,28484,0,0,t5213
refl,228253,197998,30255,0,0,t5214
refl,222904,194503,28401,0,0,t5215
refl,218145,191933,26212,0,0,t5216
cong,1365752,884245,481507,0,0,t5217
poly_simp,25925177,18130076,7795101,0,0,t5218
trans,615000,463971,151029,0,0,t5219
trans,460896,319619,141277,0,0,t5220
cong,651257,490670,160587,0,0,t5221
poly_simp,23903600,17207356,6696244,0,0,t5222
poly_simp_rel,1564137,730270,833867,0,0,t5223
trans,479972,317370,162602,0,0,t5224
equiv_pos2,649441,588343,61098,0,0,t5225
poly_simp,4251023,3204637,1046386,0,0,t5226
poly_simp_rel,641140,395876,245264,0,0,t5227
equiv_pos2,437535,375160,62375,0,0,t5228
poly_simp,2712451,2115588,596863,0,0,t5229
poly_simp,2557954,2042208,515746,0,0,t5230
refl,270685,260388,10297,0,0,t5231
cong,542785,458843,83942,0,0,t5232
poly_simp,3354086,2443663,910423,0,0,t5233
trans,365546,302430,63116,0,0,t5234
trans,294246,241628,52618,0,0,t5235
cong,389653,312732,76921,0,0,t5236
resolution,1653268,368363,1284905,0,0,t5237
resolution,1526030,314018,1212012,0,0,t5238
cong,484352,410455,73897,0,0,t5239
refl,264739,229412,35327,0,0,t5240
cong,1203967,773918,430049,0,0,t5241
cong,593634,431139,162495,0,0,t5242
poly_simp,3399268,2577126,822142,0,0,t5243
cong,1198109,777024,421085,0,0,t5244
poly_simp,23056934,16676244,6380690,0,0,t5245
trans,520079,386089,133990,0,0,t5246
cong,625218,471351,153867,0,0,t5247
trans,409991,285544,124447,0,0,t5248
rare_rewrite:arith-eq-elim-real,1234531,1093277,141254,0,0,t5249
semilattice_simp,5638306,5070715,567591,0,0,t5250
trans,438072,299607,138465,0,0,t5251
rare_rewrite:arith-elim-leq,973623,835124,138499,0,0,t5252
poly_simp,36249957,25831897,10418060,0,0,t5253
poly_simp_rel,1815809,707091,1108718,0,0,t5254
trans,508875,313638,195237,0,0,t5255
poly_simp,35074967,24819690,10255277,0,0,t5256
poly_simp_rel,1530753,668675,862078,0,0,t5257
cong,675605,419442,256163,0,0,t5258
trans,575301,303343,271958,0,0,t5259
resolution,1811189,410991,1400198,0,0,t5260
and,1290275,715863,574412,0,0,t5261
resolution,1722380,348502,1373878,0,0,t5262
and_intro,393583,250163,143420,0,0,t5263
resolution,1163634,299042,864592,0,0,t5264
la_mult_pos,533247,471361,61886,0,0,t5265
implies,313436,262878,50558,0,0,t5266
rare_rewrite:bool-eq-true,959580,928851,30729,0,0,t5267
equiv1,280326,249521,30805,0,0,t5268
evaluate,2225457,1923528,301929,0,0,t5269
resolution,1090460,308713,781747,0,0,t5270
and_intro,260824,215795,45029,0,0,t5271
resolution,1082024,286809,795215,0,0,t5272
la_mult_neg,523913,467037,56876,0,0,t5273
implies,315433,266269,49164,0,0,t5274
rare_rewrite:bool-eq-true,942268,906923,35345,0,0,t5275
equiv1,291329,259370,31959,0,0,t5276
evaluate,2008313,1838050,170263,0,0,t5277
resolution,1141592,316397,825195,0,0,t5278
and_intro,255107,216205,38902,0,0,t5279
resolution,1132795,287879,844916,0,0,t5280
la_mult_pos,692185,534016,158169,0,0,t5281
implies,415611,287563,128048,0,0,t5282
rare_rewrite:bool-eq-true,869111,839479,29632,0,0,t5283
equiv1,299833,265744,34089,0,0,t5284
evaluate,1964201,1795806,168395,0,0,t5285
resolution,1147978,315073,832905,0,0,t5286
equiv_pos2,2205759,1978640,227119,0,0,t5287
rare_rewrite:arith-elim-leq,1074923,926148,148775,0,0,t5288
poly_simp,33452573,22873950,10578623,0,0,t5289
poly_simp_rel,1584065,780708,803357,0,0,t5290
trans,539627,332904,206723,0,0,t5291
symm,435534,252401,183133,0,0,t5292
equiv_pos2,807076,561560,245516,0,0,t5293
poly_simp,25699655,18001974,7697681,0,0,t5294
poly_simp,2967783,2396650,571133,0,0,t5295
poly_simp,2507538,2073289,434249,0,0,t5296
refl,307780,272983,34797,0,0,t5297
refl,248679,215590,33089,0,0,t5298
refl,248736,216877,31859,0,0,t5299
refl,269393,209628,59765,0,0,t5300
refl,243221,213422,29799,0,0,t5301
refl,229774,200642,29132,0,0,t5302
refl,238413,208088,30325,0,0,t5303
refl,244098,212813,31285,0,0,t5304
refl,234725,205655,29070,0,0,t5305
refl,231279,204638,26641,0,0,t5306
refl,253760,228391,25369,0,0,t5307
refl,232871,203137,29734,0,0,t5308
refl,237170,207134,30036,0,0,t5309
refl,252156,223153,29003,0,0,t5310
refl,260211,227129,33082,0,0,t5311
refl,230114,200998,29116,0,0,t5312
refl,232427,203523,28904,0,0,t5313
refl,238946,209463,29483,0,0,t5314
refl,229578,202882,26696,0,0,t5315
refl,221936,196998,24938,0,0,t5316
refl,220395,195377,25018,0,0,t5317
refl,246108,213266,32842,0,0,t5318
refl,246987,217240,29747,0,0,t5319
refl,221818,194902,26916,0,0,t5320
refl,227293,199128,28165,0,0,t5321
refl,226772,199903,26869,0,0,t5322
refl,237605,205713,31892,0,0,t5323
refl,234319,205715,28604,0,0,t5324
refl,250904,219753,31151,0,0,t5325
refl,224286,197252,27034,0,0,t5326
cong,1361424,888890,472534,0,0,t5327
poly_simp,26544042,18456671,8087371,0,0,t5328
trans,627584,470362,157222,0,0,t5329
trans,450900,305650,145250,0,0,t5330
cong,682611,509908,172703,0,0,t5331
poly_simp,23813135,17532201,6280934,0,0,t5332
poly_simp_rel,1508703,682998,825705,0,0,t5333
trans,468573,314884,153689,0,0,t5334
equiv_pos2,678368,613022,65346,0,0,t5335
poly_simp,4435558,3377591,1057967,0,0,t5336
poly_simp_rel,747089,484544,262545,0,0,t5337
equiv_pos2,500001,431889,68112,0,0,t5338
poly_simp,3234884,2378530,856354,0,0,t5339
poly_simp,2836298,2203921,632377,0,0,t5340
refl,280464,269761,10703,0,0,t5341
cong,565592,484530,81062,0,0,t5342
poly_simp,3367650,2414039,953611,0,0,t5343
trans,363358,299546,63812,0,0,t5344
trans,305589,251202,54387,0,0,t5345
cong,404320,326622,77698,0,0,t5346
resolution,1720329,373032,1347297,0,0,t5347
resolution,1528737,321687,1207050,0,0,t5348
cong,498705,424046,74659,0,0,t5349
refl,272712,238388,34324,0,0,t5350
cong,1221475,749785,471690,0,0,t5351
cong,578466,403165,175301,0,0,t5352
poly_simp,3584912,2635781,949131,0,0,t5353
cong,1207074,781299,425775,0,0,t5354
poly_simp,23673601,17122126,6551475,0,0,t5355
trans,606954,469857,137097,0,0,t5356
cong,673569,501367,172202,0,0,t5357
trans,423485,295113,128372,0,0,t5358
rare_rewrite:arith-eq-elim-real,1303967,1153433,150534,0,0,t5359
semilattice_simp,5645207,5059583,585624,0,0,t5360
trans,435745,300826,134919,0,0,t5361
rare_rewrite:arith-elim-leq,1023715,883171,140544,0,0,t5362
poly_simp,34980414,24540262,10440152,0,0,t5363
poly_simp_rel,1696885,606998,1089887,0,0,t5364
trans,518768,329365,189403,0,0,t5365
poly_simp,34409940,24239602,10170338,0,0,t5366
poly_simp_rel,1536095,678726,857369,0,0,t5367
cong,716819,453818,263001,0,0,t5368
trans,574500,305856,268644,0,0,t5369
resolution,1837216,409848,1427368,0,0,t5370
and,1274508,710922,563586,0,0,t5371
resolution,1730785,356043,1374742,0,0,t5372
and_intro,379622,242156,137466,0,0,t5373
resolution,1160879,296632,864247,0,0,t5374
la_mult_pos,535395,472396,62999,0,0,t5375
implies,312324,261053,51271,0,0,t5376
rare_rewrite:bool-eq-true,935968,906660,29308,0,0,t5377
equiv1,278353,246831,31522,0,0,t5378
evaluate,2334884,1940993,393891,0,0,t5379
resolution,1094315,311853,782462,0,0,t5380
and_intro,275312,221767,53545,0,0,t5381
resolution,1049951,279094,770857,0,0,t5382
la_mult_neg,535279,475741,59538,0,0,t5383
implies,310349,263998,46351,0,0,t5384
rare_rewrite:bool-eq-true,884493,848213,36280,0,0,t5385
equiv1,272300,241535,30765,0,0,t5386
evaluate,2085859,1827656,258203,0,0,t5387
resolution,1187289,318507,868782,0,0,t5388
and_intro,259425,221998,37427,0,0,t5389
resolution,1192861,279277,913584,0,0,t5390
la_mult_pos,698548,535862,162686,0,0,t5391
implies,417122,281563,135559,0,0,t5392
rare_rewrite:bool-eq-true,944742,914183,30559,0,0,t5393
equiv1,299418,265912,33506,0,0,t5394
evaluate,2191788,1935316,256472,0,0,t5395
resolution,1173266,328518,844748,0,0,t5396
equiv_pos2,2253978,2045668,208310,0,0,t5397
rare_rewrite:arith-elim-leq,1268956,1115460,153496,0,0,t5398
poly_simp,34453470,23358038,11095432,0,0,t5399
poly_simp_rel,1491956,720687,771269,0,0,t5400
trans,519298,332095,187203,0,0,t5401
symm,425633,232815,192818,0,0,t5402
equiv_pos2,791388,523596,267792,0,0,t5403
poly_simp,25670348,17901570,7768778,0,0,t5404
poly_simp,3489205,2988112,501093,0,0,t5405
poly_simp,3218496,2583211,635285,0,0,t5406
refl,358757,319725,39032,0,0,t5407
refl,253980,222274,31706,0,0,t5408
refl,243831,213700,30131,0,0,t5409
refl,293678,256843,36835,0,0,t5410
refl,259097,225724,33373,0,0,t5411
refl,230068,201136,28932,0,0,t5412
refl,239477,213906,25571,0,0,t5413
refl,231080,203239,27841,0,0,t5414
refl,232839,205434,27405,0,0,t5415
refl,222012,193894,28118,0,0,t5416
refl,288182,259432,28750,0,0,t5417
refl,223020,196543,26477,0,0,t5418
refl,230006,200939,29067,0,0,t5419
refl,230182,201248,28934,0,0,t5420
refl,233177,206123,27054,0,0,t5421
refl,249578,220144,29434,0,0,t5422
refl,230356,204486,25870,0,0,t5423
refl,236606,205855,30751,0,0,t5424
refl,213999,189481,24518,0,0,t5425
refl,228721,199860,28861,0,0,t5426
refl,239832,209925,29907,0,0,t5427
refl,231042,201303,29739,0,0,t5428
refl,228819,202933,25886,0,0,t5429
refl,235224,204830,30394,0,0,t5430
refl,240014,208400,31614,0,0,t5431
refl,232300,201985,30315,0,0,t5432
refl,242631,215117,27514,0,0,t5433
refl,230103,203501,26602,0,0,t5434
refl,228000,197595,30405,0,0,t5435
refl,228085,200216,27869,0,0,t5436
cong,1613739,1115449,498290,0,0,t5437
poly_simp,25937185,18435744,7501441,0,0,t5438
trans,774549,608758,165791,0,0,t5439
trans,471754,335006,136748,0,0,t5440
cong,817092,655776,161316,0,0,t5441
poly_simp,24563703,17109444,7454259,0,0,t5442
poly_simp_rel,1668465,822745,845720,0,0,t5443
trans,488191,342182,146009,0,0,t5444
equiv_pos2,661088,601558,59530,0,0,t5445
poly_simp,4159496,3169656,989840,0,0,t5446
poly_simp_rel,606553,365082,241471,0,0,t5447
equiv_pos2,454797,388094,66703,0,0,t5448
poly_simp,2728084,2067886,660198,0,0,t5449
poly_simp,2426699,1992838,433861,0,0,t5450
refl,277481,266948,10533,0,0,t5451
cong,552842,468554,84288,0,0,t5452
poly_simp,3354055,2455396,898659,0,0,t5453
trans,384882,319468,65414,0,0,t5454
trans,309149,255505,53644,0,0,t5455
cong,388904,310828,78076,0,0,t5456
resolution,1720656,379394,1341262,0,0,t5457
resolution,1535319,328339,1206980,0,0,t5458
cong,503302,428200,75102,0,0,t5459
refl,272667,235461,37206,0,0,t5460
cong,1176283,767542,408741,0,0,t5461
cong,558605,407266,151339,0,0,t5462
poly_simp,3337075,2546686,790389,0,0,t5463
cong,1248668,811464,437204,0,0,t5464
poly_simp,23948240,17741551,6206689,0,0,t5465
trans,640485,495408,145077,0,0,t5466
cong,681805,536289,145516,0,0,t5467
trans,414496,289648,124848,0,0,t5468
rare_rewrite:arith-eq-elim-real,1264180,1124072,140108,0,0,t5469
semilattice_simp,5617794,5066956,550838,0,0,t5470
trans,459430,316589,142841,0,0,t5471
rare_rewrite:arith-elim-leq,952106,830306,121800,0,0,t5472
poly_simp,38684120,27223390,11460730,0,0,t5473
poly_simp_rel,1874023,780297,1093726,0,0,t5474
trans,523378,325514,197864,0,0,t5475
poly_simp,37217293,26584064,10633229,0,0,t5476
poly_simp_rel,2059146,1128082,931064,0,0,t5477
cong,698679,430232,268447,0,0,t5478
trans,569439,292527,276912,0,0,t5479
resolution,1869906,421547,1448359,0,0,t5480
and,1290412,711150,579262,0,0,t5481
resolution,1702663,360854,1341809,0,0,t5482
and_intro,369895,239206,130689,0,0,t5483
resolution,1176961,302897,874064,0,0,t5484
la_mult_neg,609454,541408,68046,0,0,t5485
implies,333909,281400,52509,0,0,t5486
rare_rewrite:bool-eq-true,1025727,992604,33123,0,0,t5487
equiv1,293752,259698,34054,0,0,t5488
evaluate,2409928,2115121,294807,0,0,t5489
resolution,1225405,335440,889965,0,0,t5490
and_intro,258336,218729,39607,0,0,t5491
resolution,1103139,274438,828701,0,0,t5492
la_mult_pos,556588,502938,53650,0,0,t5493
implies,289938,248854,41084,0,0,t5494
rare_rewrite:bool-eq-true,926284,897700,28584,0,0,t5495
equiv1,285723,254621,31102,0,0,t5496
evaluate,2256836,1918261,338575,0,0,t5497
resolution,1132696,320920,811776,0,0,t5498
and_intro,250904,213416,37488,0,0,t5499
resolution,1071064,290973,780091,0,0,t5500
la_mult_neg,734381,572278,162103,0,0,t5501
implies,418740,285507,133233,0,0,t5502
rare_rewrite:bool-eq-true,930230,900344,29886,0,0,t5503
equiv1,279122,246491,32631,0,0,t5504
evaluate,2017201,1954718,62483,0,0,t5505
resolution,1195561,331796,863765,0,0,t5506
equiv_pos2,2428577,2146015,282562,0,0,t5507
poly_simp,25437472,18038595,7398877,0,0,t5508
poly_simp,3407545,2924563,482982,0,0,t5509
poly_simp,2582838,2102908,479930,0,0,t5510
refl,310440,269605,40835,0,0,t5511
refl,266176,229687,36489,0,0,t5512
refl,241161,210741,30420,0,0,t5513
refl,238973,208096,30877,0,0,t5514
refl,243593,212694,30899,0,0,t5515
refl,227721,199645,28076,0,0,t5516
refl,236503,206292,30211,0,0,t5517
refl,235057,204785,30272,0,0,t5518
refl,239117,210787,28330,0,0,t5519
refl,229313,201984,27329,0,0,t5520
refl,228422,201759,26663,0,0,t5521
refl,243832,210000,33832,0,0,t5522
refl,227172,198209,28963,0,0,t5523
refl,232428,205171,27257,0,0,t5524
refl,243489,213805,29684,0,0,t5525
refl,228259,201251,27008,0,0,t5526
refl,231516,203927,27589,0,0,t5527
refl,229340,198336,31004,0,0,t5528
refl,226868,198498,28370,0,0,t5529
refl,231737,203077,28660,0,0,t5530
refl,222278,196155,26123,0,0,t5531
refl,229265,200515,28750,0,0,t5532
refl,233382,204689,28693,0,0,t5533
refl,265062,233516,31546,0,0,t5534
refl,238591,208379,30212,0,0,t5535
refl,234173,208047,26126,0,0,t5536
refl,230175,202883,27292,0,0,t5537
refl,232635,202916,29719,0,0,t5538
refl,240217,211878,28339,0,0,t5539
refl,229489,203192,26297,0,0,t5540
cong,1571665,1078754,492911,0,0,t5541
poly_simp,26049229,18409175,7640054,0,0,t5542
trans,747836,579250,168586,0,0,t5543
trans,462230,318410,143820,0,0,t5544
cong,808605,626514,182091,0,0,t5545
poly_simp,23456252,17209177,6247075,0,0,t5546
poly_simp_rel,1692789,826437,866352,0,0,t5547
trans,488204,319773,168431,0,0,t5548
equiv_pos2,655830,594486,61344,0,0,t5549
poly_simp,4751337,3459028,1292309,0,0,t5550
poly_simp_rel,685500,407899,277601,0,0,t5551
equiv_pos2,448670,387052,61618,0,0,t5552
poly_simp,2856958,2160508,696450,0,0,t5553
poly_simp,2472302,2005346,466956,0,0,t5554
refl,265057,254519,10538,0,0,t5555
cong,565165,480895,84270,0,0,t5556
poly_simp,3326999,2435061,891938,0,0,t5557
trans,357290,296771,60519,0,0,t5558
trans,311246,258350,52896,0,0,t5559
cong,377447,306427,71020,0,0,t5560
resolution,1730895,380008,1350887,0,0,t5561
resolution,1552103,320477,1231626,0,0,t5562
cong,498198,420589,77609,0,0,t5563
refl,269185,227111,42074,0,0,t5564
cong,1174805,763598,411207,0,0,t5565
cong,569251,414014,155237,0,0,t5566
poly_simp,3224546,2491467,733079,0,0,t5567
cong,1223319,807736,415583,0,0,t5568
poly_simp,23801834,17246847,6554987,0,0,t5569
trans,595279,460983,134296,0,0,t5570
cong,682878,518212,164666,0,0,t5571
trans,420517,287417,133100,0,0,t5572
rare_rewrite:arith-eq-elim-real,1253433,1130911,122522,0,0,t5573
semilattice_simp,5608265,5025820,582445,0,0,t5574
trans,442602,306003,136599,0,0,t5575
rare_rewrite:arith-elim-leq,1014570,870141,144429,0,0,t5576
poly_simp,35199455,24745467,10453988,0,0,t5577
poly_simp_rel,1820261,723262,1096999,0,0,t5578
trans,515681,324611,191070,0,0,t5579
poly_simp,34204174,23652847,10551327,0,0,t5580
poly_simp_rel,1522034,654648,867386,0,0,t5581
cong,717625,462446,255179,0,0,t5582
trans,546645,297707,248938,0,0,t5583
resolution,1824550,428920,1395630,0,0,t5584
and,1293028,691607,601421,0,0,t5585
and_intro,393055,252353,140702,0,0,t5586
resolution,1240149,311951,928198,0,0,t5587
la_mult_pos,553912,492252,61660,0,0,t5588
implies,298700,250275,48425,0,0,t5589
rare_rewrite:bool-eq-true,962145,930490,31655,0,0,t5590
equiv1,279416,248176,31240,0,0,t5591
evaluate,2184072,1919047,265025,0,0,t5592
resolution,1114863,313237,801626,0,0,t5593
and_intro,296194,250605,45589,0,0,t5594
resolution,1062881,276013,786868,0,0,t5595
la_mult_neg,524177,465137,59040,0,0,t5596
implies,307221,262406,44815,0,0,t5597
rare_rewrite:bool-eq-true,911216,880885,30331,0,0,t5598
equiv1,285376,251900,33476,0,0,t5599
evaluate,2080984,1852965,228019,0,0,t5600
resolution,1168957,323303,845654,0,0,t5601
and_intro,263504,223948,39556,0,0,t5602
resolution,1092774,281430,811344,0,0,t5603
la_mult_pos,700515,529366,171149,0,0,t5604
implies,416164,285870,130294,0,0,t5605
rare_rewrite:bool-eq-true,875800,843849,31951,0,0,t5606
equiv1,304913,264458,40455,0,0,t5607
evaluate,2078576,1802771,275805,0,0,t5608
resolution,1140237,314318,825919,0,0,t5609
equiv_pos2,2167719,1947992,219727,0,0,t5610
rare_rewrite:arith-elim-leq,1073454,921601,151853,0,0,t5611
poly_simp,33393440,23265803,10127637,0,0,t5612
poly_simp_rel,1541262,766880,774382,0,0,t5613
trans,507479,322124,185355,0,0,t5614
symm,411145,232116,179029,0,0,t5615
equiv_pos2,841837,561270,280567,0,0,t5616
poly_simp,26089180,18430822,7658358,0,0,t5617
poly_simp,3220825,2731899,488926,0,0,t5618
poly_simp,2566685,2062091,504594,0,0,t5619
refl,320746,282204,38542,0,0,t5620
refl,259203,226147,33056,0,0,t5621
refl,245253,217317,27936,0,0,t5622
refl,240288,206956,33332,0,0,t5623
refl,233036,205736,27300,0,0,t5624
refl,238381,208683,29698,0,0,t5625
refl,224799,199751,25048,0,0,t5626
refl,363534,330480,33054,0,0,t5627
refl,259711,228510,31201,0,0,t5628
refl,234109,204836,29273,0,0,t5629
refl,233079,205024,28055,0,0,t5630
refl,230306,201442,28864,0,0,t5631
refl,235531,206416,29115,0,0,t5632
refl,238338,209616,28722,0,0,t5633
refl,243133,216759,26374,0,0,t5634
refl,233409,204265,29144,0,0,t5635
refl,230058,202015,28043,0,0,t5636
refl,231338,201387,29951,0,0,t5637
refl,234678,204527,30151,0,0,t5638
refl,239550,211226,28324,0,0,t5639
refl,226805,201526,25279,0,0,t5640
refl,238182,208987,29195,0,0,t5641
refl,242016,212673,29343,0,0,t5642
refl,234319,206984,27335,0,0,t5643
refl,237075,211532,25543,0,0,t5644
refl,222280,194839,27441,0,0,t5645
refl,226384,196794,29590,0,0,t5646
refl,229173,200014,29159,0,0,t5647
refl,227088,199898,27190,0,0,t5648
refl,224818,198964,25854,0,0,t5649
cong,1408583,917510,491073,0,0,t5650
poly_simp,26095305,18376665,7718640,0,0,t5651
trans,580547,413398,167149,0,0,t5652
trans,448359,308463,139896,0,0,t5653
cong,644466,483739,160727,0,0,t5654
poly_simp,23993719,17305049,6688670,0,0,t5655
poly_simp_rel,1551709,707455,844254,0,0,t5656
trans,485322,318841,166481,0,0,t5657
equiv_pos2,672773,611069,61704,0,0,t5658
poly_simp,4265796,3203342,1062454,0,0,t5659
poly_simp_rel,597971,358427,239544,0,0,t5660
equiv_pos2,439565,377545,62020,0,0,t5661
poly_simp,2839185,2229715,609470,0,0,t5662
poly_simp,3022135,2566784,455351,0,0,t5663
refl,370250,357321,12929,0,0,t5664
cong,637834,549166,88668,0,0,t5665
poly_simp,4729195,3878211,850984,0,0,t5666
trans,485917,420535,65382,0,0,t5667
trans,338105,273843,64262,0,0,t5668
cong,472078,387919,84159,0,0,t5669
resolution,1965814,442433,1523381,0,0,t5670
resolution,1676600,444612,1231988,0,0,t5671
cong,705493,628706,76787,0,0,t5672
refl,287757,245613,42144,0,0,t5673
cong,1261268,808087,453181,0,0,t5674
cong,653408,432750,220658,0,0,t5675
poly_simp,4308709,2981821,1326888,0,0,t5676
cong,1799454,1280841,518613,0,0,t5677
poly_simp,25192382,18823446,6368936,0,0,t5678
trans,627362,485812,141550,0,0,t5679
cong,674440,522401,152039,0,0,t5680
trans,444147,311979,132168,0,0,t5681
rare_rewrite:arith-eq-elim-real,1264072,1130893,133179,0,0,t5682
semilattice_simp,5630861,5066186,564675,0,0,t5683
trans,465400,318127,147273,0,0,t5684
rare_rewrite:arith-elim-leq,955925,830821,125104,0,0,t5685
poly_simp,38515009,27663502,10851507,0,0,t5686
poly_simp_rel,2111709,1001599,1110110,0,0,t5687
trans,546516,343064,203452,0,0,t5688
poly_simp,37341168,26570028,10771140,0,0,t5689
poly_simp_rel,1571426,704254,867172,0,0,t5690
cong,771519,475829,295690,0,0,t5691
trans,578726,307231,271495,0,0,t5692
resolution,1904049,435589,1468460,0,0,t5693
and,1350788,755593,595195,0,0,t5694
resolution,1818069,438570,1379499,0,0,t5695
and_intro,416341,275860,140481,0,0,t5696
resolution,1219577,305513,914064,0,0,t5697
la_mult_neg,600712,536745,63967,0,0,t5698
implies,306502,255504,50998,0,0,t5699
rare_rewrite:bool-eq-true,1017267,983283,33984,0,0,t5700
equiv1,294271,257838,36433,0,0,t5701
evaluate,2351652,2015368,336284,0,0,t5702
resolution,1161940,332520,829420,0,0,t5703
and_intro,255008,213700,41308,0,0,t5704
resolution,1107925,286351,821574,0,0,t5705
la_mult_pos,528498,470717,57781,0,0,t5706
implies,300251,256314,43937,0,0,t5707
rare_rewrite:bool-eq-true,906085,872932,33153,0,0,t5708
equiv1,389555,352919,36636,0,0,t5709
evaluate,2145942,1862669,283273,0,0,t5710
resolution,1134766,322841,811925,0,0,t5711
and_intro,252975,216728,36247,0,0,t5712
resolution,1115889,282836,833053,0,0,t5713
la_mult_pos,787825,591462,196363,0,0,t5714
implies,440332,304584,135748,0,0,t5715
rare_rewrite:bool-eq-true,885329,853956,31373,0,0,t5716
equiv1,294813,261035,33778,0,0,t5717
evaluate,1951762,1776967,174795,0,0,t5718
resolution,1157082,311005,846077,0,0,t5719
equiv_pos2,2046853,1820893,225960,0,0,t5720
rare_rewrite:arith-elim-leq,1235635,1096493,139142,0,0,t5721
poly_simp,34474543,23198091,11276452,0,0,t5722
poly_simp_rel,1452421,701573,750848,0,0,t5723
trans,532033,324912,207121,0,0,t5724
symm,437107,243813,193294,0,0,t5725
equiv_pos2,773278,523568,249710,0,0,t5726
poly_simp,25878925,18052333,7826592,0,0,t5727
poly_simp,3401071,2808920,592151,0,0,t5728
poly_simp,2747126,2146468,600658,0,0,t5729
refl,313884,279004,34880,0,0,t5730
refl,252300,220321,31979,0,0,t5731
refl,254939,221038,33901,0,0,t5732
refl,259897,226614,33283,0,0,t5733
refl,241580,212638,28942,0,0,t5734
refl,243001,215058,27943,0,0,t5735
refl,234066,207439,26627,0,0,t5736
refl,256113,227457,28656,0,0,t5737
refl,247851,214876,32975,0,0,t5738
refl,247880,221268,26612,0,0,t5739
refl,235561,206389,29172,0,0,t5740
refl,237932,208845,29087,0,0,t5741
refl,233903,206089,27814,0,0,t5742
refl,311676,279437,32239,0,0,t5743
refl,235849,206946,28903,0,0,t5744
refl,240277,209753,30524,0,0,t5745
refl,232459,204562,27897,0,0,t5746
refl,229342,200783,28559,0,0,t5747
refl,236943,209534,27409,0,0,t5748
refl,232584,203508,29076,0,0,t5749
refl,237606,206114,31492,0,0,t5750
refl,228329,200961,27368,0,0,t5751
refl,242863,215799,27064,0,0,t5752
refl,232952,203574,29378,0,0,t5753
refl,240917,214815,26102,0,0,t5754
refl,226914,201348,25566,0,0,t5755
refl,232437,203819,28618,0,0,t5756
refl,235338,203758,31580,0,0,t5757
refl,240152,210957,29195,0,0,t5758
refl,235946,207199,28747,0,0,t5759
cong,1442361,928413,513948,0,0,t5760
poly_simp,26648891,18719175,7929716,0,0,t5761
trans,643197,480399,162798,0,0,t5762
trans,437485,296205,141280,0,0,t5763
cong,676298,512043,164255,0,0,t5764
equiv_pos2,725947,657856,68091,0,0,t5765
poly_simp,4661130,3493434,1167696,0,0,t5766
poly_simp_rel,723279,468108,255171,0,0,t5767
equiv_pos2,506367,431543,74824,0,0,t5768
poly_simp,3111255,2249874,861381,0,0,t5769
poly_simp,2470699,1989819,480880,0,0,t5770
refl,275385,263780,11605,0,0,t5771
cong,528667,447084,81583,0,0,t5772
poly_simp,3316985,2402304,914681,0,0,t5773
trans,359651,297308,62343,0,0,t5774
trans,314380,259953,54427,0,0,t5775
cong,396107,319316,76791,0,0,t5776
resolution,1686798,376214,1310584,0,0,t5777
resolution,1569198,318276,1250922,0,0,t5778
cong,520122,433127,86995,0,0,t5779
refl,274537,232040,42497,0,0,t5780
cong,1256961,808322,448639,0,0,t5781
cong,599671,431386,168285,0,0,t5782
poly_simp,3427686,2644404,783282,0,0,t5783
cong,1174908,778314,396594,0,0,t5784
poly_simp,23975938,17556526,6419412,0,0,t5785
trans,555758,414419,141339,0,0,t5786
cong,654294,496352,157942,0,0,t5787
trans,462176,313790,148386,0,0,t5788
rare_rewrite:arith-eq-elim-real,1314015,1179303,134712,0,0,t5789
semilattice_simp,5624142,5052486,571656,0,0,t5790
trans,452532,306569,145963,0,0,t5791
rare_rewrite:arith-elim-leq,987605,854787,132818,0,0,t5792
poly_simp,35072852,24612631,10460221,0,0,t5793
poly_simp_rel,2172224,1064323,1107901,0,0,t5794
trans,511620,317668,193952,0,0,t5795
poly_simp,36377528,25319377,11058151,0,0,t5796
poly_simp_rel,2030950,1103623,927327,0,0,t5797
cong,690179,433214,256965,0,0,t5798
trans,566104,303084,263020,0,0,t5799
resolution,1865757,407224,1458533,0,0,t5800
and,1321356,720544,600812,0,0,t5801
resolution,1768533,375535,1392998,0,0,t5802
and_intro,393969,253713,140256,0,0,t5803
resolution,1231962,312301,919661,0,0,t5804
la_mult_pos,550182,487589,62593,0,0,t5805
implies,299365,251444,47921,0,0,t5806
rare_rewrite:bool-eq-true,956152,925501,30651,0,0,t5807
equiv1,297872,264755,33117,0,0,t5808
evaluate,2174029,1936482,237547,0,0,t5809
resolution,1116107,319773,796334,0,0,t5810
and_intro,275551,229462,46089,0,0,t5811
resolution,1060242,285388,774854,0,0,t5812
la_mult_neg,535394,475267,60127,0,0,t5813
implies,315202,266539,48663,0,0,t5814
rare_rewrite:bool-eq-true,878229,845223,33006,0,0,t5815
equiv1,306863,270887,35976,0,0,t5816
evaluate,2079061,1895562,183499,0,0,t5817
resolution,1153561,325993,827568,0,0,t5818
and_intro,275083,234322,40761,0,0,t5819
resolution,1126522,321836,804686,0,0,t5820
la_mult_pos,741929,571928,170001,0,0,t5821
implies,472347,332795,139552,0,0,t5822
rare_rewrite:bool-eq-true,948534,914995,33539,0,0,t5823
equiv1,291852,257988,33864,0,0,t5824
evaluate,2123321,1934872,188449,0,0,t5825
resolution,1275906,320015,955891,0,0,t5826
equiv_pos2,2138592,1928102,210490,0,0,t5827
rare_rewrite:arith-elim-leq,1078531,931023,147508,0,0,t5828
poly_simp,33925448,23480097,10445351,0,0,t5829
poly_simp_rel,1884475,1040886,843589,0,0,t5830
trans,591218,389134,202084,0,0,t5831
symm,418931,237865,181066,0,0,t5832
equiv_pos2,793409,538317,255092,0,0,t5833
poly_simp,25740194,18037072,7703122,0,0,t5834
poly_simp,3515852,2968062,547790,0,0,t5835
poly_simp,2512902,2101062,411840,0,0,t5836
refl,303542,264886,38656,0,0,t5837
refl,268001,231952,36049,0,0,t5838
refl,259685,224863,34822,0,0,t5839
refl,246057,214630,31427,0,0,t5840
refl,238601,209529,29072,0,0,t5841
refl,247328,216214,31114,0,0,t5842
refl,287107,260622,26485,0,0,t5843
refl,240849,214151,26698,0,0,t5844
refl,238571,205915,32656,0,0,t5845
refl,241998,211389,30609,0,0,t5846
refl,261024,233358,27666,0,0,t5847
refl,241718,213266,28452,0,0,t5848
refl,238686,211204,27482,0,0,t5849
refl,250604,220474,30130,0,0,t5850
refl,239514,210108,29406,0,0,t5851
refl,248232,215767,32465,0,0,t5852
refl,235319,208666,26653,0,0,t5853
refl,252827,220710,32117,0,0,t5854
refl,239042,209420,29622,0,0,t5855
refl,231159,202983,28176,0,0,t5856
refl,245522,215943,29579,0,0,t5857
refl,237990,211602,26388,0,0,t5858
refl,236820,207763,29057,0,0,t5859
refl,6122126,6093632,28494,0,0,t5860
refl,306227,266112,40115,0,0,t5861
refl,271197,236777,34420,0,0,t5862
refl,275846,241989,33857,0,0,t5863
refl,262333,231837,30496,0,0,t5864
refl,259804,228840,30964,0,0,t5865
refl,285632,251564,34068,0,0,t5866
cong,1413852,938799,475053,0,0,t5867
poly_simp,27240109,19090428,8149681,0,0,t5868
trans,688854,535848,153006,0,0,t5869
trans,470390,334606,135784,0,0,t5870
cong,733667,576816,156851,0,0,t5871
poly_simp,24552149,17635512,6916637,0,0,t5872
poly_simp_rel,1494695,697722,796973,0,0,t5873
trans,469715,323073,146642,0,0,t5874
equiv_pos2,707373,643974,63399,0,0,t5875
poly_simp,4385157,3218775,1166382,0,0,t5876
poly_simp_rel,598362,372941,225421,0,0,t5877
equiv_pos2,497881,438802,59079,0,0,t5878
poly_simp,2856165,2169107,687058,0,0,t5879
poly_simp,2471929,2029139,442790,0,0,t5880
refl,295757,283913,11844,0,0,t5881
cong,561189,476435,84754,0,0,t5882
poly_simp,3448952,2555351,893601,0,0,t5883
trans,381373,319676,61697,0,0,t5884
trans,334289,280281,54008,0,0,t5885
cong,422967,338997,83970,0,0,t5886
resolution,1924511,407317,1517194,0,0,t5887
resolution,1676102,353261,1322841,0,0,t5888
cong,523136,447198,75938,0,0,t5889
refl,303621,264947,38674,0,0,t5890
cong,1214348,804582,409766,0,0,t5891
cong,596303,446883,149420,0,0,t5892
poly_simp,3462102,2618031,844071,0,0,t5893
cong,1270274,855071,415203,0,0,t5894
poly_simp,24587821,18251116,6336705,0,0,t5895
trans,605331,469529,135802,0,0,t5896
cong,714396,556238,158158,0,0,t5897
trans,457408,328942,128466,0,0,t5898
rare_rewrite:arith-eq-elim-real,1310689,1178764,131925,0,0,t5899
semilattice_simp,5654745,5091837,562908,0,0,t5900
trans,466313,328541,137772,0,0,t5901
rare_rewrite:arith-elim-leq,1034433,912576,121857,0,0,t5902
poly_simp,37851354,26523400,11327954,0,0,t5903
poly_simp_rel,1827958,789693,1038265,0,0,t5904
trans,538863,345749,193114,0,0,t5905
poly_simp,37032949,25931806,11101143,0,0,t5906
poly_simp_rel,1856109,918408,937701,0,0,t5907
cong,709648,452134,257514,0,0,t5908
trans,578712,316928,261784,0,0,t5909
resolution,1846074,434306,1411768,0,0,t5910
and,1308633,745841,562792,0,0,t5911
resolution,1781116,390741,1390375,0,0,t5912
and_intro,418777,271551,147226,0,0,t5913
resolution,1178558,317836,860722,0,0,t5914
la_mult_neg,564772,500428,64344,0,0,t5915
implies,361028,303095,57933,0,0,t5916
rare_rewrite:bool-eq-true,1034236,1001602,32634,0,0,t5917
equiv1,302336,269126,33210,0,0,t5918
evaluate,2349732,2015053,334679,0,0,t5919
resolution,1185051,350774,834277,0,0,t5920
and_intro,279688,234393,45295,0,0,t5921
resolution,1132466,308422,824044,0,0,t5922
la_mult_pos,555009,497884,57125,0,0,t5923
implies,304378,261879,42499,0,0,t5924
rare_rewrite:bool-eq-true,953959,924071,29888,0,0,t5925
equiv1,321263,285889,35374,0,0,t5926
evaluate,2270302,1837603,432699,0,0,t5927
resolution,1232862,347022,885840,0,0,t5928
and_intro,273908,232522,41386,0,0,t5929
resolution,1187854,308717,879137,0,0,t5930
la_mult_pos,760206,608572,151634,0,0,t5931
implies,430119,305441,124678,0,0,t5932
rare_rewrite:bool-eq-true,1033983,1005289,28694,0,0,t5933
equiv1,298945,268992,29953,0,0,t5934
evaluate,2293399,1875748,417651,0,0,t5935
resolution,1173083,333161,839922,0,0,t5936
equiv_pos2,2319556,2096379,223177,0,0,t5937
rare_rewrite:arith-elim-leq,1140699,1007519,133180,0,0,t5938
poly_simp,34049290,22937961,11111329,0,0,t5939
poly_simp_rel,1481479,734774,746705,0,0,t5940
trans,539528,348498,191030,0,0,t5941
symm,427998,248009,179989,0,0,t5942
equiv_pos2,826354,553145,273209,0,0,t5943
poly_simp,25902236,18289934,7612302,0,0,t5944
poly_simp,3145853,2624583,521270,0,0,t5945
poly_simp,2617210,2128450,488760,0,0,t5946
refl,307957,271711,36246,0,0,t5947
refl,281210,247179,34031,0,0,t5948
refl,263911,234675,29236,0,0,t5949
refl,258398,228962,29436,0,0,t5950
refl,246585,219820,26765,0,0,t5951
refl,264180,234745,29435,0,0,t5952
refl,266257,236415,29842,0,0,t5953
refl,246454,220502,25952,0,0,t5954
refl,262066,232984,29082,0,0,t5955
refl,258286,229038,29248,0,0,t5956
refl,252599,222807,29792,0,0,t5957
refl,258903,229991,28912,0,0,t5958
refl,254054,224737,29317,0,0,t5959
refl,253883,226509,27374,0,0,t5960
refl,258470,230201,28269,0,0,t5961
refl,243116,217304,25812,0,0,t5962
refl,250418,220546,29872,0,0,t5963
refl,314224,283001,31223,0,0,t5964
refl,264947,233309,31638,0,0,t5965
refl,254421,227592,26829,0,0,t5966
refl,247454,219642,27812,0,0,t5967
refl,251831,223277,28554,0,0,t5968
refl,251412,222591,28821,0,0,t5969
refl,263266,233305,29961,0,0,t5970
refl,250964,224007,26957,0,0,t5971
refl,262453,237146,25307,0,0,t5972
refl,253590,227161,26429,0,0,t5973
refl,260554,228684,31870,0,0,t5974
refl,247139,217537,29602,0,0,t5975
refl,263998,234289,29709,0,0,t5976
cong,1449633,907158,542475,0,0,t5977
poly_simp,26980476,18673405,8307071,0,0,t5978
trans,706215,548437,157778,0,0,t5979
trans,470306,326404,143902,0,0,t5980
cong,716002,554953,161049,0,0,t5981
equiv_pos2,712087,647650,64437,0,0,t5982
poly_simp,4412711,3276935,1135776,0,0,t5983
poly_simp_rel,683496,436759,246737,0,0,t5984
equiv_pos2,461924,395276,66648,0,0,t5985
poly_simp,3073242,2259912,813330,0,0,t5986
poly_simp,2636826,2093404,543422,0,0,t5987
refl,284296,273564,10732,0,0,t5988
cong,579298,497338,81960,0,0,t5989
poly_simp,3357059,2473676,883383,0,0,t5990
trans,387657,324873,62784,0,0,t5991
trans,322701,270709,51992,0,0,t5992
cong,417398,340712,76686,0,0,t5993
resolution,1804432,395285,1409147,0,0,t5994
resolution,1545014,339863,1205151,0,0,t5995
cong,537629,462167,75462,0,0,t5996
refl,283927,246235,37692,0,0,t5997
cong,1228167,818772,409395,0,0,t5998
cong,610257,426083,184174,0,0,t5999
poly_simp,3468191,2556747,911444,0,0,t6000
cong,1275782,832155,443627,0,0,t6001
poly_simp,23290124,17031000,6259124,0,0,t6002
trans,579377,437923,141454,0,0,t6003
cong,707032,527930,179102,0,0,t6004
trans,438067,309213,128854,0,0,t6005
rare_rewrite:arith-eq-elim-real,1287289,1149573,137716,0,0,t6006
semilattice_simp,5536224,4977001,559223,0,0,t6007
trans,480407,329375,151032,0,0,t6008
rare_rewrite:arith-elim-leq,1022350,891498,130852,0,0,t6009
poly_simp,39820197,28089862,11730335,0,0,t6010
poly_simp_rel,2020215,977468,1042747,0,0,t6011
trans,566899,338886,228013,0,0,t6012
poly_simp,38919767,27954931,10964836,0,0,t6013
poly_simp_rel,1613556,681302,932254,0,0,t6014
cong,762261,477248,285013,0,0,t6015
trans,625946,334699,291247,0,0,t6016
resolution,1913589,450673,1462916,0,0,t6017
and,1326326,739690,586636,0,0,t6018
resolution,1796315,425072,1371243,0,0,t6019
and_intro,418847,272362,146485,0,0,t6020
resolution,1187485,317661,869824,0,0,t6021
la_mult_pos,541607,478224,63383,0,0,t6022
implies,327432,279807,47625,0,0,t6023
rare_rewrite:bool-eq-true,1048802,1013922,34880,0,0,t6024
equiv1,306845,268545,38300,0,0,t6025
evaluate,2370618,2031840,338778,0,0,t6026
resolution,1250926,339916,911010,0,0,t6027
and_intro,310500,261767,48733,0,0,t6028
resolution,1104773,323175,781598,0,0,t6029
la_mult_neg,568988,502153,66835,0,0,t6030
implies,349021,295353,53668,0,0,t6031
rare_rewrite:bool-eq-true,938488,900938,37550,0,0,t6032
equiv1,317451,283917,33534,0,0,t6033
evaluate,2159643,1911016,248627,0,0,t6034
resolution,1176886,333435,843451,0,0,t6035
and_intro,264044,227363,36681,0,0,t6036
resolution,1133999,304086,829913,0,0,t6037
la_mult_pos,718047,560289,157758,0,0,t6038
implies,466383,332582,133801,0,0,t6039
rare_rewrite:bool-eq-true,905611,874222,31389,0,0,t6040
equiv1,324612,289041,35571,0,0,t6041
evaluate,2178096,1929761,248335,0,0,t6042
resolution,1232852,370241,862611,0,0,t6043
equiv_pos2,2161688,1946884,214804,0,0,t6044
rare_rewrite:arith-elim-leq,1064433,928402,136031,0,0,t6045
poly_simp,33061234,22763380,10297854,0,0,t6046
poly_simp_rel,1406505,642771,763734,0,0,t6047
trans,560478,353433,207045,0,0,t6048
symm,430843,248798,182045,0,0,t6049
equiv_pos2,811000,555005,255995,0,0,t6050
poly_simp,25617736,17974422,7643314,0,0,t6051
poly_simp,3250561,2610232,640329,0,0,t6052
poly_simp,2746931,2125207,621724,0,0,t6053
refl,326347,287320,39027,0,0,t6054
refl,274401,242219,32182,0,0,t6055
refl,273691,242821,30870,0,0,t6056
refl,266659,233049,33610,0,0,t6057
refl,360125,323632,36493,0,0,t6058
refl,253302,224075,29227,0,0,t6059
refl,248568,219434,29134,0,0,t6060
refl,253846,227087,26759,0,0,t6061
refl,264380,233472,30908,0,0,t6062
refl,270572,237787,32785,0,0,t6063
refl,265669,237967,27702,0,0,t6064
refl,268085,238423,29662,0,0,t6065
refl,267732,236377,31355,0,0,t6066
refl,261703,232164,29539,0,0,t6067
refl,252872,227743,25129,0,0,t6068
refl,261772,232133,29639,0,0,t6069
refl,268575,240334,28241,0,0,t6070
refl,296253,259243,37010,0,0,t6071
refl,251740,224520,27220,0,0,t6072
refl,252463,223465,28998,0,0,t6073
refl,249728,220244,29484,0,0,t6074
refl,249625,221946,27679,0,0,t6075
refl,256189,228162,28027,0,0,t6076
refl,248265,219630,28635,0,0,t6077
refl,244017,216189,27828,0,0,t6078
refl,255722,226458,29264,0,0,t6079
refl,247896,217539,30357,0,0,t6080
refl,278956,248052,30904,0,0,t6081
refl,256442,227361,29081,0,0,t6082
refl,256405,228982,27423,0,0,t6083
cong,1401767,923795,477972,0,0,t6084
poly_simp,27027231,18789545,8237686,0,0,t6085
trans,627633,463909,163724,0,0,t6086
trans,453406,316701,136705,0,0,t6087
cong,689621,524046,165575,0,0,t6088
poly_simp,24715868,17649167,7066701,0,0,t6089
poly_simp_rel,1557715,734784,822931,0,0,t6090
trans,488920,335301,153619,0,0,t6091
equiv_pos2,663149,599383,63766,0,0,t6092
poly_simp,4189377,3133749,1055628,0,0,t6093
poly_simp_rel,640210,389658,250552,0,0,t6094
equiv_pos2,458108,393084,65024,0,0,t6095
poly_simp,2841476,2183014,658462,0,0,t6096
poly_simp,2568086,2067398,500688,0,0,t6097
refl,295315,284880,10435,0,0,t6098
cong,572434,491614,80820,0,0,t6099
poly_simp,3304020,2394103,909917,0,0,t6100
trans,413359,348266,65093,0,0,t6101
trans,341465,284770,56695,0,0,t6102
cong,412659,335050,77609,0,0,t6103
resolution,1786751,392184,1394567,0,0,t6104
resolution,1553142,346658,1206484,0,0,t6105
cong,516763,442044,74719,0,0,t6106
refl,289039,252205,36834,0,0,t6107
cong,1247203,830577,416626,0,0,t6108
cong,573254,423661,149593,0,0,t6109
poly_simp,3542948,2698916,844032,0,0,t6110
cong,1285972,836072,449900,0,0,t6111
poly_simp,26388652,17398978,8989674,0,0,t6112
trans,602030,456818,145212,0,0,t6113
cong,651867,503547,148320,0,0,t6114
trans,414798,292785,122013,0,0,t6115
rare_rewrite:arith-eq-elim-real,1291016,1150963,140053,0,0,t6116
semilattice_simp,5536456,4999893,536563,0,0,t6117
trans,453052,313654,139398,0,0,t6118
rare_rewrite:arith-elim-leq,987033,852490,134543,0,0,t6119
poly_simp,35091205,24285930,10805275,0,0,t6120
poly_simp_rel,1856849,754259,1102590,0,0,t6121
trans,513692,333185,180507,0,0,t6122
poly_simp,33920318,23637259,10283059,0,0,t6123
poly_simp_rel,1582766,709278,873488,0,0,t6124
cong,735621,480401,255220,0,0,t6125
trans,585886,328227,257659,0,0,t6126
resolution,1885599,445330,1440269,0,0,t6127
and,1351419,745764,605655,0,0,t6128
resolution,1799646,396439,1403207,0,0,t6129
and_intro,447710,292431,155279,0,0,t6130
resolution,1227899,332707,895192,0,0,t6131
la_mult_neg,593139,529801,63338,0,0,t6132
implies,339818,288870,50948,0,0,t6133
rare_rewrite:bool-eq-true,1037818,1002936,34882,0,0,t6134
equiv1,300022,266729,33293,0,0,t6135
evaluate,2290167,2040724,249443,0,0,t6136
resolution,1195633,334958,860675,0,0,t6137
and_intro,290173,247152,43021,0,0,t6138
resolution,1093626,312835,780791,0,0,t6139
la_mult_pos,574554,512767,61787,0,0,t6140
implies,348327,298231,50096,0,0,t6141
rare_rewrite:bool-eq-true,6581099,6546231,34868,0,0,t6142
equiv1,347120,312346,34774,0,0,t6143
evaluate,2547944,2180657,367287,0,0,t6144
resolution,1273494,390149,883345,0,0,t6145
and_intro,308499,263793,44706,0,0,t6146
resolution,1168097,313932,854165,0,0,t6147
la_mult_pos,592889,530187,62702,0,0,t6148
implies,355045,307045,48000,0,0,t6149
rare_rewrite:bool-eq-true,964441,935763,28678,0,0,t6150
equiv1,322520,288277,34243,0,0,t6151
evaluate,2176663,1875775,300888,0,0,t6152
resolution,1247007,355531,891476,0,0,t6153
and_intro,295629,252580,43049,0,0,t6154
resolution,1143836,322821,821015,0,0,t6155
la_mult_pos,565566,507621,57945,0,0,t6156
implies,341889,296050,45839,0,0,t6157
rare_rewrite:bool-eq-true,950000,921993,28007,0,0,t6158
equiv1,326472,291506,34966,0,0,t6159
evaluate,2101884,1848952,252932,0,0,t6160
resolution,1293438,358147,935291,0,0,t6161
and_intro,298855,255182,43673,0,0,t6162
resolution,1170408,306224,864184,0,0,t6163
la_mult_pos,572403,508835,63568,0,0,t6164
implies,342023,294846,47177,0,0,t6165
rare_rewrite:bool-eq-true,898463,867987,30476,0,0,t6166
equiv1,320786,288604,32182,0,0,t6167
evaluate,2023478,1837349,186129,0,0,t6168
resolution,1234704,329900,904804,0,0,t6169
and_intro,289453,248620,40833,0,0,t6170
resolution,1230807,318824,911983,0,0,t6171
la_mult_pos,549996,490725,59271,0,0,t6172
implies,365814,314976,50838,0,0,t6173
rare_rewrite:bool-eq-true,948175,917577,30598,0,0,t6174
equiv1,304112,273579,30533,0,0,t6175
evaluate,2113136,1843824,269312,0,0,t6176
resolution,1283663,373127,910536,0,0,t6177
and_intro,297477,255002,42475,0,0,t6178
resolution,1172860,324241,848619,0,0,t6179
la_mult_neg,564676,499837,64839,0,0,t6180
implies,353761,303270,50491,0,0,t6181
rare_rewrite:bool-eq-true,917542,885130,32412,0,0,t6182
equiv1,318310,285416,32894,0,0,t6183
evaluate,2133460,1914380,219080,0,0,t6184
resolution,1309287,355475,953812,0,0,t6185
and_intro,308543,263501,45042,0,0,t6186
resolution,1239767,328610,911157,0,0,t6187
la_mult_neg,628052,563330,64722,0,0,t6188
implies,344326,296388,47938,0,0,t6189
rare_rewrite:bool-eq-true,930316,899343,30973,0,0,t6190
equiv1,333228,298281,34947,0,0,t6191
evaluate,2117025,1938210,178815,0,0,t6192
resolution,1234168,344734,889434,0,0,t6193
and_intro,295495,251849,43646,0,0,t6194
resolution,1218072,320264,897808,0,0,t6195
la_mult_neg,571878,506882,64996,0,0,t6196
implies,351946,301163,50783,0,0,t6197
rare_rewrite:bool-eq-true,936846,899853,36993,0,0,t6198
equiv1,315370,281097,34273,0,0,t6199
evaluate,2078962,1928993,149969,0,0,t6200
resolution,1282004,344425,937579,0,0,t6201
and_intro,327035,282478,44557,0,0,t6202
resolution,1178825,312238,866587,0,0,t6203
la_mult_neg,567801,500347,67454,0,0,t6204
implies,351812,303806,48006,0,0,t6205
rare_rewrite:bool-eq-true,905103,874406,30697,0,0,t6206
equiv1,341198,306335,34863,0,0,t6207
evaluate,2066077,1901462,164615,0,0,t6208
resolution,1255547,333466,922081,0,0,t6209
and_intro,291674,249513,42161,0,0,t6210
resolution,1217740,320971,896769,0,0,t6211
la_mult_pos,576635,512834,63801,0,0,t6212
implies,369128,315873,53255,0,0,t6213
rare_rewrite:bool-eq-true,943861,913530,30331,0,0,t6214
equiv1,316822,284515,32307,0,0,t6215
evaluate,2055043,1861499,193544,0,0,t6216
resolution,1271486,353893,917593,0,0,t6217
and_intro,290764,245287,45477,0,0,t6218
resolution,1218741,309263,909478,0,0,t6219
la_mult_pos,569480,508763,60717,0,0,t6220
implies,367656,316335,51321,0,0,t6221
rare_rewrite:bool-eq-true,940227,908056,32171,0,0,t6222
equiv1,308846,278662,30184,0,0,t6223
evaluate,2051652,1881689,169963,0,0,t6224
resolution,1264179,342409,921770,0,0,t6225
and_intro,293393,252000,41393,0,0,t6226
resolution,1175204,316039,859165,0,0,t6227
la_mult_pos,552694,493153,59541,0,0,t6228
implies,352404,304365,48039,0,0,t6229
rare_rewrite:bool-eq-true,960289,927753,32536,0,0,t6230
equiv1,325459,290568,34891,0,0,t6231
evaluate,2099461,1913410,186051,0,0,t6232
resolution,1295763,339374,956389,0,0,t6233
and_intro,358815,311985,46830,0,0,t6234
resolution,1164569,325712,838857,0,0,t6235
la_mult_neg,628036,561519,66517,0,0,t6236
implies,377086,321010,56076,0,0,t6237
rare_rewrite:bool-eq-true,983807,949982,33825,0,0,t6238
equiv1,358237,322516,35721,0,0,t6239
evaluate,2218212,2066233,151979,0,0,t6240
resolution,1254678,354075,900603,0,0,t6241
and_intro,320664,263503,57161,0,0,t6242
resolution,1189498,320044,869454,0,0,t6243
la_mult_pos,610427,540059,70368,0,0,t6244
implies,351248,302110,49138,0,0,t6245
rare_rewrite:bool-eq-true,979447,945413,34034,0,0,t6246
equiv1,318058,282725,35333,0,0,t6247
evaluate,2131869,1924852,207017,0,0,t6248
resolution,1233030,348939,884091,0,0,t6249
and_intro,308009,257795,50214,0,0,t6250
resolution,1156793,326946,829847,0,0,t6251
la_mult_neg,580005,517987,62018,0,0,t6252
implies,365327,306091,59236,0,0,t6253
rare_rewrite:bool-eq-true,992724,956873,35851,0,0,t6254
equiv1,335924,297583,38341,0,0,t6255
evaluate,2438842,1997920,440922,0,0,t6256
resolution,1393352,339080,1054272,0,0,t6257
and_intro,299938,253196,46742,0,0,t6258
resolution,1177388,349917,827471,0,0,t6259
la_mult_pos,596902,531993,64909,0,0,t6260
implies,370503,315077,55426,0,0,t6261
rare_rewrite:bool-eq-true,980797,949833,30964,0,0,t6262
equiv1,313924,277013,36911,0,0,t6263
evaluate,2142130,1895956,246174,0,0,t6264
resolution,1246239,340716,905523,0,0,t6265
and_intro,298642,253246,45396,0,0,t6266
resolution,1189855,354684,835171,0,0,t6267
la_mult_pos,590993,524380,66613,0,0,t6268
implies,369146,317880,51266,0,0,t6269
rare_rewrite:bool-eq-true,997786,964103,33683,0,0,t6270
equiv1,329494,295485,34009,0,0,t6271
evaluate,2154953,1956502,198451,0,0,t6272
resolution,1247792,362644,885148,0,0,t6273
and_intro,292781,249662,43119,0,0,t6274
resolution,1179353,315309,864044,0,0,t6275
la_mult_pos,581478,517461,64017,0,0,t6276
implies,347564,300479,47085,0,0,t6277
rare_rewrite:bool-eq-true,940429,911024,29405,0,0,t6278
equiv1,328456,295359,33097,0,0,t6279
evaluate,2248763,1980345,268418,0,0,t6280
resolution,1288123,360237,927886,0,0,t6281
and_intro,311563,266974,44589,0,0,t6282
resolution,1144097,316372,827725,0,0,t6283
la_mult_neg,585340,518814,66526,0,0,t6284
implies,355388,304965,50423,0,0,t6285
rare_rewrite:bool-eq-true,912033,880505,31528,0,0,t6286
equiv1,345762,304131,41631,0,0,t6287
evaluate,2028907,1872026,156881,0,0,t6288
resolution,1286183,363636,922547,0,0,t6289
and_intro,293479,251720,41759,0,0,t6290
resolution,1188852,322705,866147,0,0,t6291
la_mult_pos,583263,516026,67237,0,0,t6292
implies,369064,315050,54014,0,0,t6293
rare_rewrite:bool-eq-true,967980,937510,30470,0,0,t6294
equiv1,318592,284727,33865,0,0,t6295
evaluate,2092421,1873064,219357,0,0,t6296
resolution,1244542,352765,891777,0,0,t6297
and_intro,303773,259384,44389,0,0,t6298
resolution,1153143,312639,840504,0,0,t6299
la_mult_pos,576518,516140,60378,0,0,t6300
implies,347635,295150,52485,0,0,t6301
rare_rewrite:bool-eq-true,945290,916970,28320,0,0,t6302
equiv1,321268,288430,32838,0,0,t6303
evaluate,1990981,1869517,121464,0,0,t6304
resolution,1259474,344690,914784,0,0,t6305
and_intro,292864,247852,45012,0,0,t6306
resolution,1163904,320142,843762,0,0,t6307
la_mult_pos,581120,515871,65249,0,0,t6308
implies,362427,311395,51032,0,0,t6309
rare_rewrite:bool-eq-true,891882,861280,30602,0,0,t6310
equiv1,334649,296188,38461,0,0,t6311
evaluate,2150412,1961136,189276,0,0,t6312
resolution,1266919,370687,896232,0,0,t6313
and_intro,314757,268472,46285,0,0,t6314
resolution,1190998,323073,867925,0,0,t6315
la_mult_pos,583034,518509,64525,0,0,t6316
implies,354330,302822,51508,0,0,t6317
rare_rewrite:bool-eq-true,980394,949595,30799,0,0,t6318
equiv1,331840,297994,33846,0,0,t6319
evaluate,2206703,2023844,182859,0,0,t6320
resolution,1219429,363372,856057,0,0,t6321
and_intro,307761,263910,43851,0,0,t6322
resolution,1174589,336525,838064,0,0,t6323
la_mult_pos,581107,519708,61399,0,0,t6324
implies,359418,310399,49019,0,0,t6325
rare_rewrite:bool-eq-true,972650,940153,32497,0,0,t6326
equiv1,315527,284344,31183,0,0,t6327
evaluate,2195607,2033565,162042,0,0,t6328
resolution,1230958,356775,874183,0,0,t6329
and_intro,316435,268680,47755,0,0,t6330
resolution,1186421,332106,854315,0,0,t6331
la_mult_pos,568659,500110,68549,0,0,t6332
implies,376813,320591,56222,0,0,t6333
rare_rewrite:bool-eq-true,942753,906838,35915,0,0,t6334
equiv1,383201,345019,38182,0,0,t6335
evaluate,2099024,1934256,164768,0,0,t6336
resolution,1260858,366373,894485,0,0,t6337
and_intro,308085,259345,48740,0,0,t6338
resolution,1160980,330245,830735,0,0,t6339
la_mult_pos,569063,504330,64733,0,0,t6340
implies,384030,325964,58066,0,0,t6341
rare_rewrite:bool-eq-true,937897,906570,31327,0,0,t6342
equiv1,329341,291549,37792,0,0,t6343
evaluate,2115429,1966400,149029,0,0,t6344
resolution,1226759,356941,869818,0,0,t6345
and_intro,287366,241653,45713,0,0,t6346
resolution,1158140,327007,831133,0,0,t6347
la_mult_pos,572590,505660,66930,0,0,t6348
implies,364953,309258,55695,0,0,t6349
rare_rewrite:bool-eq-true,933688,902004,31684,0,0,t6350
equiv1,339962,301912,38050,0,0,t6351
evaluate,2097018,1990864,106154,0,0,t6352
resolution,1198942,359417,839525,0,0,t6353
and_intro,311464,260585,50879,0,0,t6354
resolution,1100748,314223,786525,0,0,t6355
la_mult_pos,591817,514314,77503,0,0,t6356
implies,368429,311804,56625,0,0,t6357
rare_rewrite:bool-eq-true,950463,916930,33533,0,0,t6358
equiv1,316651,284349,32302,0,0,t6359
evaluate,1995790,1823187,172603,0,0,t6360
resolution,1179045,339512,839533,0,0,t6361
and_intro,305933,258425,47508,0,0,t6362
resolution,1143489,316482,827007,0,0,t6363
la_mult_neg,567190,501390,65800,0,0,t6364
implies,354030,300703,53327,0,0,t6365
rare_rewrite:bool-eq-true,943708,911216,32492,0,0,t6366
equiv1,326203,290664,35539,0,0,t6367
evaluate,2131647,1907085,224562,0,0,t6368
resolution,1211278,346323,864955,0,0,t6369
and_intro,296345,252004,44341,0,0,t6370
resolution,1130722,309181,821541,0,0,t6371
la_mult_neg,589896,526031,63865,0,0,t6372
implies,377875,322760,55115,0,0,t6373
rare_rewrite:bool-eq-true,1054705,1020657,34048,0,0,t6374
equiv1,305024,272722,32302,0,0,t6375
evaluate,2125206,1939715,185491,0,0,t6376
resolution,1187990,342122,845868,0,0,t6377
and_intro,316308,271245,45063,0,0,t6378
resolution,1128732,311719,817013,0,0,t6379
la_mult_pos,547732,489918,57814,0,0,t6380
implies,358708,311711,46997,0,0,t6381
rare_rewrite:bool-eq-true,926057,891558,34499,0,0,t6382
equiv1,341986,302501,39485,0,0,t6383
evaluate,2082158,1874830,207328,0,0,t6384
resolution,1267501,355037,912464,0,0,t6385
and_intro,292721,254508,38213,0,0,t6386
resolution,1196295,361447,834848,0,0,t6387
la_mult_pos,828826,602499,226327,0,0,t6388
implies,462299,317961,144338,0,0,t6389
rare_rewrite:bool-eq-true,946945,915923,31022,0,0,t6390
equiv1,318576,284604,33972,0,0,t6391
evaluate,2040306,1852696,187610,0,0,t6392
resolution,1169470,355277,814193,0,0,t6393
equiv_pos2,2038550,1816969,221581,0,0,t6394
rare_rewrite:arith-elim-leq,1183611,1041020,142591,0,0,t6395
poly_simp,32956119,22777856,10178263,0,0,t6396
poly_simp_rel,1831812,1007442,824370,0,0,t6397
trans,571777,372614,199163,0,0,t6398
symm,443919,264354,179565,0,0,t6399
equiv_pos2,802976,559752,243224,0,0,t6400
poly_simp,25082873,17452278,7630595,0,0,t6401
poly_simp,3141801,2709913,431888,0,0,t6402
poly_simp,2594149,2096543,497606,0,0,t6403
refl,347860,308408,39452,0,0,t6404
refl,288113,254536,33577,0,0,t6405
refl,298962,265446,33516,0,0,t6406
refl,274735,243537,31198,0,0,t6407
refl,274019,244291,29728,0,0,t6408
refl,268753,241419,27334,0,0,t6409
refl,260637,234412,26225,0,0,t6410
refl,258391,233078,25313,0,0,t6411
refl,274665,248342,26323,0,0,t6412
refl,263742,232204,31538,0,0,t6413
refl,271363,240078,31285,0,0,t6414
refl,258569,232116,26453,0,0,t6415
refl,261395,231735,29660,0,0,t6416
refl,264345,234198,30147,0,0,t6417
refl,270197,237696,32501,0,0,t6418
refl,253167,226826,26341,0,0,t6419
refl,262434,233414,29020,0,0,t6420
refl,264126,232708,31418,0,0,t6421
refl,284452,249605,34847,0,0,t6422
refl,269148,241695,27453,0,0,t6423
refl,264850,235161,29689,0,0,t6424
refl,277866,245164,32702,0,0,t6425
refl,276067,247432,28635,0,0,t6426
refl,277507,248867,28640,0,0,t6427
refl,268733,242502,26231,0,0,t6428
refl,270565,241286,29279,0,0,t6429
refl,264575,236454,28121,0,0,t6430
refl,264880,235393,29487,0,0,t6431
refl,270319,243966,26353,0,0,t6432
refl,272823,243261,29562,0,0,t6433
cong,1453752,992727,461025,0,0,t6434
poly_simp,26428121,18498003,7930118,0,0,t6435
trans,821631,660785,160846,0,0,t6436
trans,532217,381648,150569,0,0,t6437
cong,718044,561186,156858,0,0,t6438
equiv_pos2,724612,657818,66794,0,0,t6439
poly_simp,4097629,3096646,1000983,0,0,t6440
poly_simp_rel,664601,412560,252041,0,0,t6441
equiv_pos2,478309,416875,61434,0,0,t6442
poly_simp,2714746,2077093,637653,0,0,t6443
poly_simp,2619264,2083211,536053,0,0,t6444
refl,323229,313017,10212,0,0,t6445
cong,583188,501704,81484,0,0,t6446
poly_simp,3263049,2397071,865978,0,0,t6447
trans,414043,347902,66141,0,0,t6448
trans,360113,303472,56641,0,0,t6449
cong,438716,360738,77978,0,0,t6450
resolution,1747687,402685,1345002,0,0,t6451
resolution,1579585,345891,1233694,0,0,t6452
cong,563558,488249,75309,0,0,t6453
refl,334989,294561,40428,0,0,t6454
cong,1225616,787298,438318,0,0,t6455
cong,599434,444760,154674,0,0,t6456
poly_simp,3587361,2692002,895359,0,0,t6457
cong,1250004,851457,398547,0,0,t6458
poly_simp,22976125,16563024,6413101,0,0,t6459
trans,617370,480523,136847,0,0,t6460
cong,680994,531964,149030,0,0,t6461
trans,463803,330035,133768,0,0,t6462
rare_rewrite:arith-eq-elim-real,1289678,1161885,127793,0,0,t6463
semilattice_simp,5634268,5073420,560848,0,0,t6464
trans,479895,341314,138581,0,0,t6465
rare_rewrite:arith-elim-leq,1029358,899160,130198,0,0,t6466
poly_simp,33433590,22731556,10702034,0,0,t6467
poly_simp_rel,1856346,806075,1050271,0,0,t6468
trans,567112,374527,192585,0,0,t6469
poly_simp,33814436,23675350,10139086,0,0,t6470
poly_simp_rel,1511683,640031,871652,0,0,t6471
cong,724170,477158,247012,0,0,t6472
trans,574794,329405,245389,0,0,t6473
resolution,1848133,450521,1397612,0,0,t6474
and,1298755,744283,554472,0,0,t6475
resolution,1704715,397220,1307495,0,0,t6476
and_intro,420120,282050,138070,0,0,t6477
resolution,1187261,337609,849652,0,0,t6478
resolution,160454280,38920632,121533648,0,0,t6906.t3
la_mult_neg,1249881,910122,339759,0,0,t6479
implies,623797,367063,256734,0,0,t6480
equiv_pos2,5418206,4786460,631746,0,0,t6481
poly_simp,71711268,49902940,21808328,0,0,t6482
poly_simp,3421575,2934093,487482,0,0,t6483
poly_simp,2640106,2160867,479239,0,0,t6484
refl,354948,311693,43255,0,0,t6485
refl,306461,271150,35311,0,0,t6486
refl,297648,263847,33801,0,0,t6487
refl,290554,261418,29136,0,0,t6488
refl,277342,248044,29298,0,0,t6489
refl,265288,238064,27224,0,0,t6490
refl,278530,250157,28373,0,0,t6491
refl,264844,236794,28050,0,0,t6492
refl,280284,249887,30397,0,0,t6493
refl,275067,245032,30035,0,0,t6494
refl,263487,233495,29992,0,0,t6495
refl,262633,230365,32268,0,0,t6496
refl,258637,230779,27858,0,0,t6497
refl,271694,241859,29835,0,0,t6498
refl,266960,238919,28041,0,0,t6499
refl,270813,240805,30008,0,0,t6500
refl,258683,231053,27630,0,0,t6501
refl,277652,248641,29011,0,0,t6502
refl,267113,240114,26999,0,0,t6503
refl,269145,240241,28904,0,0,t6504
refl,273070,243385,29685,0,0,t6505
refl,259157,232312,26845,0,0,t6506
refl,264376,235657,28719,0,0,t6507
refl,270822,240905,29917,0,0,t6508
refl,278033,246606,31427,0,0,t6509
refl,271541,240361,31180,0,0,t6510
refl,268620,239170,29450,0,0,t6511
refl,265390,235231,30159,0,0,t6512
refl,265152,236574,28578,0,0,t6513
refl,276329,246312,30017,0,0,t6514
refl,263725,232487,31238,0,0,t6515
refl,276425,244578,31847,0,0,t6516
refl,283398,255383,28015,0,0,t6517
refl,289741,258465,31276,0,0,t6518
refl,284974,254469,30505,0,0,t6519
refl,261035,232523,28512,0,0,t6520
refl,287727,257090,30637,0,0,t6521
refl,270113,241133,28980,0,0,t6522
refl,273167,241770,31397,0,0,t6523
refl,261691,232347,29344,0,0,t6524
refl,265858,236431,29427,0,0,t6525
refl,269145,240258,28887,0,0,t6526
refl,267772,237985,29787,0,0,t6527
refl,289979,253374,36605,0,0,t6528
refl,267825,237700,30125,0,0,t6529
refl,275124,242592,32532,0,0,t6530
refl,274882,243808,31074,0,0,t6531
refl,280441,249865,30576,0,0,t6532
refl,262756,235844,26912,0,0,t6533
refl,262268,234196,28072,0,0,t6534
refl,264842,233524,31318,0,0,t6535
refl,267143,235660,31483,0,0,t6536
refl,268663,238984,29679,0,0,t6537
refl,266532,235309,31223,0,0,t6538
refl,270004,238316,31688,0,0,t6539
refl,280391,247862,32529,0,0,t6540
refl,285758,252738,33020,0,0,t6541
refl,282649,250830,31819,0,0,t6542
refl,315829,281660,34169,0,0,t6543
refl,290349,257361,32988,0,0,t6544
refl,274732,244301,30431,0,0,t6545
refl,281123,248479,32644,0,0,t6546
refl,276754,247490,29264,0,0,t6547
refl,271141,243578,27563,0,0,t6548
refl,271274,241819,29455,0,0,t6549
refl,267642,236232,31410,0,0,t6550
refl,278382,242979,35403,0,0,t6551
refl,253182,227066,26116,0,0,t6552
refl,261017,233155,27862,0,0,t6553
refl,266497,235995,30502,0,0,t6554
refl,267599,237855,29744,0,0,t6555
refl,258885,228271,30614,0,0,t6556
refl,275511,244205,31306,0,0,t6557
refl,260571,232645,27926,0,0,t6558
refl,263180,232453,30727,0,0,t6559
refl,265533,234401,31132,0,0,t6560
refl,264337,235791,28546,0,0,t6561
refl,261188,231887,29301,0,0,t6562
refl,268306,238632,29674,0,0,t6563
refl,268952,239364,29588,0,0,t6564
refl,264388,236869,27519,0,0,t6565
refl,297692,258723,38969,0,0,t6566
refl,263216,234767,28449,0,0,t6567
refl,268628,239365,29263,0,0,t6568
refl,276724,243654,33070,0,0,t6569
refl,265949,236995,28954,0,0,t6570
refl,265502,235017,30485,0,0,t6571
refl,260710,234291,26419,0,0,t6572
refl,261764,231146,30618,0,0,t6573
refl,270193,242392,27801,0,0,t6574
cong,4577904,2519979,2057925,0,0,t6575
poly_simp,73833060,50928531,22904529,0,0,t6576
trans,1014525,687237,327288,0,0,t6577
trans,666878,391537,275341,0,0,t6578
cong,913623,603679,309944,0,0,t6579
poly_simp,62894633,46099500,16795133,0,0,t6580
poly_simp_rel,1930156,934348,995808,0,0,t6581
trans,697315,401912,295403,0,0,t6582
rare_rewrite:arith-eq-elim-real,1492517,1255441,237076,0,0,t6583
semilattice_simp,5875864,5194162,681702,0,0,t6584
trans,667562,411485,256077,0,0,t6585
rare_rewrite:arith-elim-leq,1226745,967138,259607,0,0,t6586
poly_simp,103875680,72930530,30945150,0,0,t6587
poly_simp_rel,2412178,1067432,1344746,0,0,t6588
trans,845226,420957,424269,0,0,t6589
poly_simp,104069688,72552919,31516769,0,0,t6590
poly_simp_rel,2074018,969017,1105001,0,0,t6591
cong,1142940,559932,583008,0,0,t6592
trans,1025105,411244,613861,0,0,t6593
resolution,2372494,560768,1811726,0,0,t6594
and,1788050,944528,843522,0,0,t6595
and_intro,573361,315702,257659,0,0,t6596
resolution,1416294,402436,1013858,0,0,t6597
la_mult_neg,585180,520091,65089,0,0,t6598
implies,346212,292807,53405,0,0,t6599
rare_rewrite:bool-eq-true,1021576,988349,33227,0,0,t6600
equiv1,315832,281622,34210,0,0,t6601
evaluate,2329767,2031999,297768,0,0,t6602
resolution,1147487,356033,791454,0,0,t6603
and_intro,315079,270505,44574,0,0,t6604
resolution,1089850,309455,780395,0,0,t6605
la_mult_neg,516005,457596,58409,0,0,t6606
implies,350265,300876,49389,0,0,t6607
and_intro,263232,228798,34434,0,0,t6608
resolution,1080544,313849,766695,0,0,t6609
la_mult_neg,531025,461767,69258,0,0,t6610
implies,361535,295846,65689,0,0,t6611
rare_rewrite:bool-eq-true,961559,927161,34398,0,0,t6612
equiv1,334818,298858,35960,0,0,t6613
evaluate,2199812,1925064,274748,0,0,t6614
resolution,1231208,382750,848458,0,0,t6615
and_intro,299565,260344,39221,0,0,t6616
resolution,1130898,325372,805526,0,0,t6617
la_mult_neg,566757,509420,57337,0,0,t6618
implies,329563,282979,46584,0,0,t6619
rare_rewrite:bool-eq-true,917421,883419,34002,0,0,t6620
equiv1,328366,293654,34712,0,0,t6621
evaluate,1996583,1880496,116087,0,0,t6622
resolution,1224946,346813,878133,0,0,t6623
and_intro,304992,264368,40624,0,0,t6624
resolution,1111284,317592,793692,0,0,t6625
la_mult_pos,557789,496343,61446,0,0,t6626
implies,333030,286951,46079,0,0,t6627
rare_rewrite:bool-eq-true,954882,923872,31010,0,0,t6628
equiv1,328692,295345,33347,0,0,t6629
evaluate,1994002,1804349,189653,0,0,t6630
resolution,1207673,361183,846490,0,0,t6631
and_intro,306722,262537,44185,0,0,t6632
resolution,1113793,314536,799257,0,0,t6633
la_mult_pos,575011,511759,63252,0,0,t6634
implies,332457,285860,46597,0,0,t6635
rare_rewrite:bool-eq-true,921830,890907,30923,0,0,t6636
equiv1,351666,316582,35084,0,0,t6637
evaluate,2101385,1842777,258608,0,0,t6638
resolution,1161231,355900,805331,0,0,t6639
and_intro,313398,269993,43405,0,0,t6640
resolution,1099298,316564,782734,0,0,t6641
la_mult_neg,569222,507115,62107,0,0,t6642
implies,352861,304309,48552,0,0,t6643
rare_rewrite:bool-eq-true,949946,917190,32756,0,0,t6644
equiv1,345414,307470,37944,0,0,t6645
evaluate,2190771,1903584,287187,0,0,t6646
resolution,1201900,370195,831705,0,0,t6647
and_intro,306667,266605,40062,0,0,t6648
resolution,1177501,328409,849092,0,0,t6649
la_mult_pos,584002,522742,61260,0,0,t6650
implies,349261,300289,48972,0,0,t6651
rare_rewrite:bool-eq-true,986192,959118,27074,0,0,t6652
equiv1,321310,289937,31373,0,0,t6653
evaluate,2159121,1859181,299940,0,0,t6654
resolution,1185348,362733,822615,0,0,t6655
and_intro,302704,259412,43292,0,0,t6656
resolution,1129081,327460,801621,0,0,t6657
la_mult_pos,564469,503462,61007,0,0,t6658
implies,373206,314879,58327,0,0,t6659
rare_rewrite:bool-eq-true,920068,889971,30097,0,0,t6660
equiv1,329434,295952,33482,0,0,t6661
evaluate,2310094,1863444,446650,0,0,t6662
resolution,1208176,369258,838918,0,0,t6663
and_intro,294997,253924,41073,0,0,t6664
resolution,1137705,317849,819856,0,0,t6665
la_mult_pos,584621,525972,58649,0,0,t6666
implies,374661,325471,49190,0,0,t6667
rare_rewrite:bool-eq-true,970874,935508,35366,0,0,t6668
equiv1,315066,284071,30995,0,0,t6669
evaluate,2139455,1911337,228118,0,0,t6670
resolution,1228352,374412,853940,0,0,t6671
and_intro,287715,247305,40410,0,0,t6672
resolution,1158055,318104,839951,0,0,t6673
la_mult_neg,578490,516880,61610,0,0,t6674
implies,346989,296701,50288,0,0,t6675
rare_rewrite:bool-eq-true,929453,897563,31890,0,0,t6676
equiv1,451065,418678,32387,0,0,t6677
evaluate,2215353,1922411,292942,0,0,t6678
resolution,1265489,447889,817600,0,0,t6679
and_intro,295447,258301,37146,0,0,t6680
resolution,1179905,327252,852653,0,0,t6681
la_mult_pos,584887,527867,57020,0,0,t6682
implies,335611,289539,46072,0,0,t6683
rare_rewrite:bool-eq-true,943606,915813,27793,0,0,t6684
equiv1,354419,317935,36484,0,0,t6685
evaluate,2028388,1888743,139645,0,0,t6686
resolution,1213964,347946,866018,0,0,t6687
and_intro,312821,270581,42240,0,0,t6688
resolution,1209080,319410,889670,0,0,t6689
la_mult_neg,552391,493667,58724,0,0,t6690
implies,341326,293777,47549,0,0,t6691
rare_rewrite:bool-eq-true,942027,911111,30916,0,0,t6692
equiv1,334717,298062,36655,0,0,t6693
evaluate,2066512,1907478,159034,0,0,t6694
resolution,1222888,351580,871308,0,0,t6695
and_intro,289770,252141,37629,0,0,t6696
resolution,1136625,336907,799718,0,0,t6697
la_mult_neg,576434,518006,58428,0,0,t6698
implies,346737,297228,49509,0,0,t6699
rare_rewrite:bool-eq-true,964584,931814,32770,0,0,t6700
equiv1,317139,286073,31066,0,0,t6701
evaluate,2041769,1947128,94641,0,0,t6702
resolution,1200716,358563,842153,0,0,t6703
and_intro,304600,263180,41420,0,0,t6704
resolution,1137701,320405,817296,0,0,t6705
la_mult_neg,562081,501662,60419,0,0,t6706
implies,336183,289296,46887,0,0,t6707
rare_rewrite:bool-eq-true,945936,912244,33692,0,0,t6708
equiv1,325486,291156,34330,0,0,t6709
evaluate,2215054,1996204,218850,0,0,t6710
resolution,1227893,371731,856162,0,0,t6711
and_intro,319998,278881,41117,0,0,t6712
resolution,1172170,329971,842199,0,0,t6713
la_mult_pos,584143,520026,64117,0,0,t6714
implies,358079,307525,50554,0,0,t6715
rare_rewrite:bool-eq-true,1035811,1006013,29798,0,0,t6716
equiv1,405550,369379,36171,0,0,t6717
evaluate,2198120,1932264,265856,0,0,t6718
resolution,1244227,375199,869028,0,0,t6719
and_intro,319546,277418,42128,0,0,t6720
resolution,1136898,311716,825182,0,0,t6721
la_mult_neg,586783,526493,60290,0,0,t6722
implies,351833,301835,49998,0,0,t6723
rare_rewrite:bool-eq-true,963878,932706,31172,0,0,t6724
equiv1,337661,298361,39300,0,0,t6725
evaluate,2013966,1888854,125112,0,0,t6726
resolution,1185154,351847,833307,0,0,t6727
and_intro,287533,250238,37295,0,0,t6728
resolution,1172757,339276,833481,0,0,t6729
la_mult_pos,596183,534309,61874,0,0,t6730
implies,337726,290127,47599,0,0,t6731
rare_rewrite:bool-eq-true,915873,885754,30119,0,0,t6732
equiv1,333061,300330,32731,0,0,t6733
evaluate,2220884,1879935,340949,0,0,t6734
resolution,1178484,351690,826794,0,0,t6735
and_intro,305571,261832,43739,0,0,t6736
resolution,1107087,314003,793084,0,0,t6737
la_mult_pos,557117,497862,59255,0,0,t6738
implies,337192,290520,46672,0,0,t6739
rare_rewrite:bool-eq-true,913731,882388,31343,0,0,t6740
equiv1,326481,293601,32880,0,0,t6741
evaluate,2041266,1857924,183342,0,0,t6742
resolution,1227835,368145,859690,0,0,t6743
and_intro,303169,261789,41380,0,0,t6744
resolution,1178540,336185,842355,0,0,t6745
la_mult_pos,563590,505863,57727,0,0,t6746
implies,342233,296001,46232,0,0,t6747
rare_rewrite:bool-eq-true,900067,873173,26894,0,0,t6748
equiv1,343441,314307,29134,0,0,t6749
evaluate,1988805,1819822,168983,0,0,t6750
resolution,1231981,339335,892646,0,0,t6751
and_intro,295961,256544,39417,0,0,t6752
resolution,1164091,326765,837326,0,0,t6753
la_mult_neg,562224,500498,61726,0,0,t6754
implies,347879,302627,45252,0,0,t6755
rare_rewrite:bool-eq-true,946849,915445,31404,0,0,t6756
equiv1,354220,312196,42024,0,0,t6757
evaluate,2164765,1905561,259204,0,0,t6758
resolution,1189713,356715,832998,0,0,t6759
and_intro,307124,265818,41306,0,0,t6760
resolution,1140942,332065,808877,0,0,t6761
la_mult_pos,561867,501532,60335,0,0,t6762
implies,348369,300140,48229,0,0,t6763
rare_rewrite:bool-eq-true,907070,878875,28195,0,0,t6764
equiv1,319539,287280,32259,0,0,t6765
evaluate,2135379,1864678,270701,0,0,t6766
resolution,1177371,360649,816722,0,0,t6767
and_intro,299422,257027,42395,0,0,t6768
resolution,1151951,328023,823928,0,0,t6769
la_mult_pos,561085,501969,59116,0,0,t6770
implies,372244,320285,51959,0,0,t6771
rare_rewrite:bool-eq-true,950392,921410,28982,0,0,t6772
equiv1,316824,287015,29809,0,0,t6773
evaluate,2239632,1902279,337353,0,0,t6774
resolution,1193495,354532,838963,0,0,t6775
and_intro,313370,273577,39793,0,0,t6776
resolution,1204627,315703,888924,0,0,t6777
la_mult_pos,578007,519952,58055,0,0,t6778
implies,339168,293100,46068,0,0,t6779
rare_rewrite:bool-eq-true,995196,965443,29753,0,0,t6780
equiv1,342159,309303,32856,0,0,t6781
evaluate,2236456,1876920,359536,0,0,t6782
resolution,1228238,375097,853141,0,0,t6783
and_intro,341040,295607,45433,0,0,t6784
resolution,1121109,317453,803656,0,0,t6785
la_mult_neg,590601,527772,62829,0,0,t6786
implies,414796,367676,47120,0,0,t6787
rare_rewrite:bool-eq-true,1016287,982883,33404,0,0,t6788
equiv1,340452,304042,36410,0,0,t6789
evaluate,2418035,1984029,434006,0,0,t6790
resolution,1191695,370949,820746,0,0,t6791
and_intro,308187,266161,42026,0,0,t6792
resolution,1145022,308918,836104,0,0,t6793
la_mult_neg,567682,508577,59105,0,0,t6794
implies,351455,303392,48063,0,0,t6795
rare_rewrite:bool-eq-true,1001259,968298,32961,0,0,t6796
equiv1,343922,310134,33788,0,0,t6797
evaluate,2156283,2022091,134192,0,0,t6798
resolution,1217629,363939,853690,0,0,t6799
and_intro,303085,262240,40845,0,0,t6800
resolution,1156214,328267,827947,0,0,t6801
la_mult_pos,588806,520684,68122,0,0,t6802
implies,338675,292337,46338,0,0,t6803
rare_rewrite:bool-eq-true,918579,888918,29661,0,0,t6804
equiv1,333166,300473,32693,0,0,t6805
evaluate,2086186,1861643,224543,0,0,t6806
resolution,1270114,348090,922024,0,0,t6807
and_intro,297705,254289,43416,0,0,t6808
resolution,1161337,319752,841585,0,0,t6809
la_mult_neg,553324,492358,60966,0,0,t6810
implies,349029,299267,49762,0,0,t6811
rare_rewrite:bool-eq-true,907780,876128,31652,0,0,t6812
equiv1,338590,303136,35454,0,0,t6813
evaluate,2071381,1895434,175947,0,0,t6814
resolution,1170841,344777,826064,0,0,t6815
and_intro,301027,259937,41090,0,0,t6816
resolution,1139161,326785,812376,0,0,t6817
la_mult_neg,560611,500533,60078,0,0,t6818
implies,339042,291904,47138,0,0,t6819
rare_rewrite:bool-eq-true,955571,921987,33584,0,0,t6820
equiv1,319405,285062,34343,0,0,t6821
evaluate,2016421,1911422,104999,0,0,t6822
resolution,1210259,346261,863998,0,0,t6823
and_intro,298647,258215,40432,0,0,t6824
resolution,1180910,320009,860901,0,0,t6825
la_mult_pos,573313,509724,63589,0,0,t6826
implies,335027,289035,45992,0,0,t6827
rare_rewrite:bool-eq-true,916168,886565,29603,0,0,t6828
equiv1,331775,299418,32357,0,0,t6829
evaluate,2026816,1841753,185063,0,0,t6830
resolution,1212772,351334,861438,0,0,t6831
and_intro,304400,261102,43298,0,0,t6832
resolution,1150254,313998,836256,0,0,t6833
la_mult_pos,560910,500585,60325,0,0,t6834
implies,344823,299244,45579,0,0,t6835
rare_rewrite:bool-eq-true,910970,878394,32576,0,0,t6836
equiv1,329423,295529,33894,0,0,t6837
evaluate,2323635,1912680,410955,0,0,t6838
resolution,1259058,383701,875357,0,0,t6839
and_intro,314700,273202,41498,0,0,t6840
resolution,1139506,331952,807554,0,0,t6841
la_mult_pos,569227,511987,57240,0,0,t6842
implies,343488,298068,45420,0,0,t6843
rare_rewrite:bool-eq-true,911991,884904,27087,0,0,t6844
equiv1,328196,297040,31156,0,0,t6845
evaluate,2169889,1900679,269210,0,0,t6846
resolution,1214026,367498,846528,0,0,t6847
and_intro,298055,257969,40086,0,0,t6848
resolution,1119453,314856,804597,0,0,t6849
la_mult_neg,571951,510360,61591,0,0,t6850
implies,351044,295905,55139,0,0,t6851
rare_rewrite:bool-eq-true,957172,926369,30803,0,0,t6852
equiv1,311895,280033,31862,0,0,t6853
evaluate,2216609,1914361,302248,0,0,t6854
resolution,1232378,384284,848094,0,0,t6855
and_intro,299538,260955,38583,0,0,t6856
resolution,1220252,326050,894202,0,0,t6857
la_mult_pos,571976,513573,58403,0,0,t6858
implies,341915,294656,47259,0,0,t6859
rare_rewrite:bool-eq-true,935256,905937,29319,0,0,t6860
equiv1,338129,305262,32867,0,0,t6861
evaluate,2108334,1858522,249812,0,0,t6862
resolution,1196254,358652,837602,0,0,t6863
and_intro,313150,269549,43601,0,0,t6864
resolution,1144143,321332,822811,0,0,t6865
la_mult_pos,583635,523826,59809,0,0,t6866
implies,350405,301307,49098,0,0,t6867
rare_rewrite:bool-eq-true,904378,875623,28755,0,0,t6868
equiv1,339231,304963,34268,0,0,t6869
evaluate,2167608,1948850,218758,0,0,t6870
resolution,1227874,367971,859903,0,0,t6871
and_intro,303252,263424,39828,0,0,t6872
resolution,1133012,314156,818856,0,0,t6873
la_mult_pos,572769,511950,60819,0,0,t6874
implies,352992,302223,50769,0,0,t6875
rare_rewrite:bool-eq-true,921313,889733,31580,0,0,t6876
equiv1,313324,281973,31351,0,0,t6877
evaluate,2142177,1900467,241710,0,0,t6878
resolution,1211547,354709,856838,0,0,t6879
and_intro,314754,269784,44970,0,0,t6880
resolution,1165357,326039,839318,0,0,t6881
la_mult_pos,583870,522835,61035,0,0,t6882
implies,337154,292303,44851,0,0,t6883
rare_rewrite:bool-eq-true,953630,926420,27210,0,0,t6884
equiv1,325611,294052,31559,0,0,t6885
evaluate,2136865,1857006,279859,0,0,t6886
resolution,1223221,385938,837283,0,0,t6887
and_intro,313572,269195,44377,0,0,t6888
resolution,1189757,327632,862125,0,0,t6889
la_mult_pos,587008,526245,60763,0,0,t6890
implies,336075,290176,45899,0,0,t6891
rare_rewrite:bool-eq-true,929410,901220,28190,0,0,t6892
equiv1,341470,310003,31467,0,0,t6893
evaluate,2240352,1907779,332573,0,0,t6894
resolution,1209586,356197,853389,0,0,t6895
and_intro,308125,265816,42309,0,0,t6896
resolution,1167261,322902,844359,0,0,t6897
la_mult_neg,588864,528986,59878,0,0,t6898
implies,357793,309814,47979,0,0,t6899
rare_rewrite:bool-eq-true,998360,968228,30132,0,0,t6900
equiv1,324974,291145,33829,0,0,t6901
evaluate,2516647,2175883,340764,0,0,t6902
resolution,1358061,435277,922784,0,0,t6903
and_intro,309229,270566,38663,0,0,t6904
resolution,1167205,322713,844492,0,0,t6905
resolution,41026628,5430006,35596622,0,0,t6906
resolution,7468892,1329189,6139703,0,0,t6907
false,434821,427353,7468,0,0,t6908
resolution,1091305,372822,718483,0,0,t6909
